<metadata xml:lang="es"><Esri><CreaDate>20240621</CreaDate><CreaTime>07353700</CreaTime><ArcGISFormat>1.0</ArcGISFormat><SyncOnce>FALSE</SyncOnce><DataProperties><lineage><Process ToolSource="c:\program files\arcgis\pro\Resources\ArcToolbox\toolboxes\Data Management Tools.tbx\Rename" Date="20240620" Time="131959">Rename "F:\ITE\01_PROYECTOS\RRM_FLEX\Rumania Flood\4_Delivery\2_Geodeliverables\1_GDB\New File Geodatabase.gdb\EMSN183_AOI" "F:\ITE\01_PROYECTOS\RRM_FLEX\Rumania Flood\4_Delivery\2_Geodeliverables\1_GDB\New File Geodatabase.gdb\EMSN193_AOI" FeatureClass</Process><Process ToolSource="c:\program files\arcgis\pro\Resources\ArcToolbox\toolboxes\Data Management Tools.tbx\Append" Date="20240620" Time="142953">Append Annex1_AOI "F:\ITE\01_PROYECTOS\RRM_FLEX\Rumania Flood\4_Delivery\2_Geodeliverables\1_GDB\EMSN193_FLEX_UTM35N.gdb\EMSN193_AOI" "Use the field map to reconcile field differences" "emsn_id "Activation Code" true true false 10 Text 0 0,First,#;fwc_type "Framework Contract Type" true true false 10 Text 0 0,First,#;Id "AOI Id" true true false 10 Text 0 0,First,#;name "AOI name" true true false 100 Text 0 0,First,#,F:\ITE\01_PROYECTOS\RRM_FLEX\Rumania Flood\1_Reception\AOI_definitive\Annex1_AOI.shp,Name,0,253;glide_no "Glide Number" true true false 50 Text 0 0,First,#;prod_type "Product Type" true true false 255 Text 0 0,First,#;country "Country" true true false 255 Text 0 0,First,#" # # # NOT_UPDATE_GEOMETRY</Process><Process ToolSource="c:\program files\arcgis\pro\Resources\ArcToolbox\toolboxes\Data Management Tools.tbx\Project" Date="20240621" Time="073541">Project "F:\ITE\01_PROYECTOS\RRM_FLEX\Rumania Flood\4_Delivery\2_Geodeliverables\1_GDB\EMSN193_FLEX_UTM35N.gdb\EMSN193_AOI" "F:\ITE\01_PROYECTOS\RRM_FLEX\Rumania Flood\4_Delivery\2_Geodeliverables\1_GDB\Data_transfer_to_GDB\Default.gdb\EMSN193_AOI_35N" PROJCS["WGS_1984_UTM_Zone_35N",GEOGCS["GCS_WGS_1984",DATUM["D_WGS_1984",SPHEROID["WGS_1984",6378137.0,298.257223563]],PRIMEM["Greenwich",0.0],UNIT["Degree",0.0174532925199433]],PROJECTION["Transverse_Mercator"],PARAMETER["False_Easting",500000.0],PARAMETER["False_Northing",0.0],PARAMETER["Central_Meridian",27.0],PARAMETER["Scale_Factor",0.9996],PARAMETER["Latitude_Of_Origin",0.0],UNIT["Meter",1.0]] # PROJCS["WGS_1984_UTM_Zone_30N",GEOGCS["GCS_WGS_1984",DATUM["D_WGS_1984",SPHEROID["WGS_1984",6378137.0,298.257223563]],PRIMEM["Greenwich",0.0],UNIT["Degree",0.0174532925199433]],PROJECTION["Transverse_Mercator"],PARAMETER["False_Easting",500000.0],PARAMETER["False_Northing",0.0],PARAMETER["Central_Meridian",-3.0],PARAMETER["Scale_Factor",0.9996],PARAMETER["Latitude_Of_Origin",0.0],UNIT["Meter",1.0]] NO_PRESERVE_SHAPE # NO_VERTICAL</Process><Process ToolSource="c:\program files\arcgis\pro\Resources\ArcToolbox\toolboxes\Data Management Tools.tbx\CopyFeatures" Date="20240621" Time="074848">CopyFeatures "F:\ITE\01_PROYECTOS\RRM_FLEX\Rumania Flood\4_Delivery\2_Geodeliverables\1_GDB\Data_transfer_to_GDB\Default.gdb\EMSN193_AOI_35N" "F:\ITE\01_PROYECTOS\RRM_FLEX\Rumania Flood\4_Delivery\2_Geodeliverables\1_GDB\EMSN193_FLEX_UTM35N.gdb\EMSN193_AOI_35N" # # # #</Process><Process ToolSource="c:\program files (x86)\arcgis\desktop10.5\ArcToolbox\Toolboxes\Conversion Tools.tbx\FeatureClassToFeatureClass" Date="20240710" Time="130023">FeatureClassToFeatureClass GPL0 E:\EMSN_2024\EMSNXXX-FlooRiskAssess_Romania\07_ProduccPhase\Avances\Delivery\2_Geodeliverables\1_GDB\shapes EMSN193_AOI_35N # "emsn_id "Activation Code" true true false 10 Text 0 0 ,First,#,E:\EMSN_2024\EMSNXXX-FlooRiskAssess_Romania\07_ProduccPhase\Avances\Delivery\2_Geodeliverables\1_GDB\EMSN193_FLEX_UTM35N_v01.gdb\EMSN193_AOI_35N,emsn_id,-1,-1;fwc_type "Framework Contract Type" true true false 10 Text 0 0 ,First,#,E:\EMSN_2024\EMSNXXX-FlooRiskAssess_Romania\07_ProduccPhase\Avances\Delivery\2_Geodeliverables\1_GDB\EMSN193_FLEX_UTM35N_v01.gdb\EMSN193_AOI_35N,fwc_type,-1,-1;Id "AOI Id" true true false 10 Text 0 0 ,First,#,E:\EMSN_2024\EMSNXXX-FlooRiskAssess_Romania\07_ProduccPhase\Avances\Delivery\2_Geodeliverables\1_GDB\EMSN193_FLEX_UTM35N_v01.gdb\EMSN193_AOI_35N,Id,-1,-1;name "AOI name" true true false 100 Text 0 0 ,First,#,E:\EMSN_2024\EMSNXXX-FlooRiskAssess_Romania\07_ProduccPhase\Avances\Delivery\2_Geodeliverables\1_GDB\EMSN193_FLEX_UTM35N_v01.gdb\EMSN193_AOI_35N,name,-1,-1;glide_no "Glide Number" true true false 50 Text 0 0 ,First,#,E:\EMSN_2024\EMSNXXX-FlooRiskAssess_Romania\07_ProduccPhase\Avances\Delivery\2_Geodeliverables\1_GDB\EMSN193_FLEX_UTM35N_v01.gdb\EMSN193_AOI_35N,glide_no,-1,-1;prod_type "Product Type" true true false 255 Text 0 0 ,First,#,E:\EMSN_2024\EMSNXXX-FlooRiskAssess_Romania\07_ProduccPhase\Avances\Delivery\2_Geodeliverables\1_GDB\EMSN193_FLEX_UTM35N_v01.gdb\EMSN193_AOI_35N,prod_type,-1,-1;country "Country" true true false 255 Text 0 0 ,First,#,E:\EMSN_2024\EMSNXXX-FlooRiskAssess_Romania\07_ProduccPhase\Avances\Delivery\2_Geodeliverables\1_GDB\EMSN193_FLEX_UTM35N_v01.gdb\EMSN193_AOI_35N,country,-1,-1" #</Process></lineage><itemProps><itemLocation><linkage Sync="TRUE">file://\\FCANO10A\E$\EMSN_2024\EMSNXXX-FlooRiskAssess_Romania\07_ProduccPhase\Avances\Delivery\2_Geodeliverables\1_GDB\shapes\EMSN193_AOI_35N.shp</linkage><protocol Sync="TRUE">Local Area Network</protocol></itemLocation><itemName Sync="TRUE">EMSN193_AOI_35N</itemName><imsContentType Sync="TRUE">002</imsContentType><itemSize Sync="TRUE">0.000</itemSize></itemProps><coordRef><type Sync="TRUE">Projected</type><geogcsn Sync="TRUE">GCS_WGS_1984</geogcsn><csUnits Sync="TRUE">Linear Unit: Meter (1.000000)</csUnits><projcsn Sync="TRUE">WGS_1984_UTM_Zone_35N</projcsn><peXml Sync="TRUE">&lt;ProjectedCoordinateSystem xsi:type='typens:ProjectedCoordinateSystem' xmlns:xsi='http://www.w3.org/2001/XMLSchema-instance' xmlns:xs='http://www.w3.org/2001/XMLSchema' xmlns:typens='http://www.esri.com/schemas/ArcGIS/10.5'&gt;&lt;WKT&gt;PROJCS[&amp;quot;WGS_1984_UTM_Zone_35N&amp;quot;,GEOGCS[&amp;quot;GCS_WGS_1984&amp;quot;,DATUM[&amp;quot;D_WGS_1984&amp;quot;,SPHEROID[&amp;quot;WGS_1984&amp;quot;,6378137.0,298.257223563]],PRIMEM[&amp;quot;Greenwich&amp;quot;,0.0],UNIT[&amp;quot;Degree&amp;quot;,0.0174532925199433]],PROJECTION[&amp;quot;Transverse_Mercator&amp;quot;],PARAMETER[&amp;quot;False_Easting&amp;quot;,500000.0],PARAMETER[&amp;quot;False_Northing&amp;quot;,0.0],PARAMETER[&amp;quot;Central_Meridian&amp;quot;,27.0],PARAMETER[&amp;quot;Scale_Factor&amp;quot;,0.9996],PARAMETER[&amp;quot;Latitude_Of_Origin&amp;quot;,0.0],UNIT[&amp;quot;Meter&amp;quot;,1.0],AUTHORITY[&amp;quot;EPSG&amp;quot;,32635]]&lt;/WKT&gt;&lt;XOrigin&gt;-5120900&lt;/XOrigin&gt;&lt;YOrigin&gt;-9998100&lt;/YOrigin&gt;&lt;XYScale&gt;450445547.3910538&lt;/XYScale&gt;&lt;ZOrigin&gt;-100000&lt;/ZOrigin&gt;&lt;ZScale&gt;10000&lt;/ZScale&gt;&lt;MOrigin&gt;-100000&lt;/MOrigin&gt;&lt;MScale&gt;10000&lt;/MScale&gt;&lt;XYTolerance&gt;0.001&lt;/XYTolerance&gt;&lt;ZTolerance&gt;0.001&lt;/ZTolerance&gt;&lt;MTolerance&gt;0.001&lt;/MTolerance&gt;&lt;HighPrecision&gt;true&lt;/HighPrecision&gt;&lt;WKID&gt;32635&lt;/WKID&gt;&lt;LatestWKID&gt;32635&lt;/LatestWKID&gt;&lt;/ProjectedCoordinateSystem&gt;</peXml></coordRef></DataProperties><SyncDate>20240710</SyncDate><SyncTime>13002200</SyncTime><ModDate>20240710</ModDate><ModTime>13002200</ModTime></Esri><dataIdInfo><envirDesc Sync="TRUE"> Version 6.2 (Build 9200) ; Esri ArcGIS 10.5.1.7333</envirDesc><dataLang><languageCode value="spa" Sync="TRUE"></languageCode><countryCode value="ESP" Sync="TRUE"></countryCode></dataLang><idCitation><resTitle Sync="TRUE">EMSN193_AOI_35N</resTitle><presForm><PresFormCd value="005" Sync="TRUE"></PresFormCd></presForm></idCitation><spatRpType><SpatRepTypCd value="001" Sync="TRUE"></SpatRepTypCd></spatRpType></dataIdInfo><mdLang><languageCode value="spa" Sync="TRUE"></languageCode><countryCode value="ESP" Sync="TRUE"></countryCode></mdLang><distInfo><distFormat><formatName Sync="TRUE">Shapefile</formatName></distFormat><distTranOps><transSize Sync="TRUE">0.000</transSize></distTranOps></distInfo><mdHrLv><ScopeCd value="005" Sync="TRUE"></ScopeCd></mdHrLv><mdHrLvName Sync="TRUE">dataset</mdHrLvName><refSysInfo><RefSystem><refSysID><identCode code="32635" Sync="TRUE"></identCode><idCodeSpace Sync="TRUE">EPSG</idCodeSpace><idVersion Sync="TRUE">7.1(3.0.1)</idVersion></refSysID></RefSystem></refSysInfo><spatRepInfo><VectSpatRep><geometObjs Name="EMSN193_AOI_35N"><geoObjTyp><GeoObjTypCd value="002" Sync="TRUE"></GeoObjTypCd></geoObjTyp><geoObjCnt Sync="TRUE">0</geoObjCnt></geometObjs><topLvl><TopoLevCd value="001" Sync="TRUE"></TopoLevCd></topLvl></VectSpatRep></spatRepInfo><spdoinfo><ptvctinf><esriterm Name="EMSN193_AOI_35N"><efeatyp Sync="TRUE">Simple</efeatyp><efeageom code="4" Sync="TRUE"></efeageom><esritopo Sync="TRUE">FALSE</esritopo><efeacnt Sync="TRUE">0</efeacnt><spindex Sync="TRUE">FALSE</spindex><linrefer Sync="TRUE">FALSE</linrefer></esriterm></ptvctinf></spdoinfo><eainfo><detailed Name="EMSN193_AOI_35N"><enttyp><enttypl Sync="TRUE">EMSN193_AOI_35N</enttypl><enttypt Sync="TRUE">Feature Class</enttypt><enttypc Sync="TRUE">0</enttypc></enttyp><attr><attrlabl Sync="TRUE">FID</attrlabl><attalias Sync="TRUE">FID</attalias><attrtype Sync="TRUE">OID</attrtype><attwidth Sync="TRUE">4</attwidth><atprecis Sync="TRUE">0</atprecis><attscale Sync="TRUE">0</attscale><attrdef Sync="TRUE">Internal feature number.</attrdef><attrdefs Sync="TRUE">Esri</attrdefs><attrdomv><udom Sync="TRUE">Sequential unique whole numbers that are automatically generated.</udom></attrdomv></attr><attr><attrlabl Sync="TRUE">Shape</attrlabl><attalias Sync="TRUE">Shape</attalias><attrtype Sync="TRUE">Geometry</attrtype><attwidth Sync="TRUE">0</attwidth><atprecis Sync="TRUE">0</atprecis><attscale Sync="TRUE">0</attscale><attrdef Sync="TRUE">Feature geometry.</attrdef><attrdefs Sync="TRUE">Esri</attrdefs><attrdomv><udom Sync="TRUE">Coordinates defining the features.</udom></attrdomv></attr><attr><attrlabl Sync="TRUE">emsn_id</attrlabl><attalias Sync="TRUE">emsn_id</attalias><attrtype Sync="TRUE">String</attrtype><attwidth Sync="TRUE">10</attwidth><atprecis Sync="TRUE">0</atprecis><attscale Sync="TRUE">0</attscale></attr><attr><attrlabl Sync="TRUE">fwc_type</attrlabl><attalias Sync="TRUE">fwc_type</attalias><attrtype Sync="TRUE">String</attrtype><attwidth Sync="TRUE">10</attwidth><atprecis Sync="TRUE">0</atprecis><attscale Sync="TRUE">0</attscale></attr><attr><attrlabl Sync="TRUE">Id</attrlabl><attalias Sync="TRUE">Id</attalias><attrtype Sync="TRUE">String</attrtype><attwidth Sync="TRUE">10</attwidth><atprecis Sync="TRUE">0</atprecis><attscale Sync="TRUE">0</attscale></attr><attr><attrlabl Sync="TRUE">name</attrlabl><attalias Sync="TRUE">name</attalias><attrtype Sync="TRUE">String</attrtype><attwidth Sync="TRUE">100</attwidth><atprecis Sync="TRUE">0</atprecis><attscale Sync="TRUE">0</attscale></attr><attr><attrlabl Sync="TRUE">glide_no</attrlabl><attalias Sync="TRUE">glide_no</attalias><attrtype Sync="TRUE">String</attrtype><attwidth Sync="TRUE">50</attwidth><atprecis Sync="TRUE">0</atprecis><attscale Sync="TRUE">0</attscale></attr><attr><attrlabl Sync="TRUE">prod_type</attrlabl><attalias Sync="TRUE">prod_type</attalias><attrtype Sync="TRUE">String</attrtype><attwidth Sync="TRUE">254</attwidth><atprecis Sync="TRUE">0</atprecis><attscale Sync="TRUE">0</attscale></attr><attr><attrlabl Sync="TRUE">country</attrlabl><attalias Sync="TRUE">country</attalias><attrtype Sync="TRUE">String</attrtype><attwidth Sync="TRUE">254</attwidth><atprecis Sync="TRUE">0</atprecis><attscale Sync="TRUE">0</attscale></attr></detailed></eainfo><mdDateSt Sync="TRUE">20240710</mdDateSt></metadata>
