<metadata xml:lang="pt"><Esri><CreaDate>20240624</CreaDate><CreaTime>16505200</CreaTime><ArcGISFormat>1.0</ArcGISFormat><ArcGISstyle>INSPIRE Metadata Directive</ArcGISstyle><SyncOnce>FALSE</SyncOnce><DataProperties><lineage><Process ToolSource="c:\program files (x86)\arcgis\desktop10.4\ArcToolbox\Toolboxes\Data Management Tools.tbx\Append" Date="20231215" Time="111045">Append BTN_ROADS_Merge_Dissolve EMSN183_GDB\transportL NO_TEST "obj_type "Subtype (Element type)" true true false 4 Long 0 0 ,First,#;info "Ancillary attribute" true true false 4 Long 0 0 ,First,#;NAM "Name" true true false 100 Text 0 0 ,First,#,BTN_ROADS_Merge_Dissolve,NOMBRE,-1,-1;FUN "Condition of Facility" true true false 4 Long 0 0 ,First,#;TRS "Transportation System Type" true true false 4 Long 0 0 ,First,#;det_method "Determination Method" true true false 50 Text 0 0 ,First,#;or_src_id "Origin Source Identifier" true true false 50 Text 0 0 ,First,#;emsn_id "Activation Code" true true false 50 Text 0 0 ,First,#;fwc_type "Framework Contract Type" true true false 10 Text 0 0 ,First,#;aoi_id "AOI Id" true true false 50 Text 0 0 ,First,#;name "AOI name" true true false 50 Text 0 0 ,First,#;country "Country" true true false 100 Text 0 0 ,First,#;Shape_Length "Shape_Length" false true true 8 Double 0 0 ,First,#,BTN_ROADS_Merge_Dissolve,Shape_Length,-1,-1;temp "temp" true true false 50 Text 0 0 ,First,#,BTN_ROADS_Merge_Dissolve,ETIQUETA,-1,-1" #</Process><Process ToolSource="c:\program files (x86)\arcgis\desktop10.4\ArcToolbox\Toolboxes\Data Management Tools.tbx\CalculateField" Date="20231215" Time="111119">CalculateField EMSN183_GDB\transportL fwc_type "FLEX" VB #</Process><Process ToolSource="c:\program files (x86)\arcgis\desktop10.4\ArcToolbox\Toolboxes\Data Management Tools.tbx\CalculateField" Date="20231215" Time="111126">CalculateField EMSN183_GDB\transportL aoi_id 01 VB #</Process><Process ToolSource="c:\program files (x86)\arcgis\desktop10.4\ArcToolbox\Toolboxes\Data Management Tools.tbx\CalculateField" Date="20231215" Time="111133">CalculateField EMSN183_GDB\transportL aoi_id "01" VB #</Process><Process ToolSource="c:\program files (x86)\arcgis\desktop10.4\ArcToolbox\Toolboxes\Data Management Tools.tbx\CalculateField" Date="20231215" Time="111153">CalculateField EMSN183_GDB\transportL name "Sierra de Los Guajares" VB #</Process><Process ToolSource="c:\program files (x86)\arcgis\desktop10.4\ArcToolbox\Toolboxes\Data Management Tools.tbx\CalculateField" Date="20231215" Time="111201">CalculateField EMSN183_GDB\transportL country "Spain" VB #</Process><Process ToolSource="c:\program files (x86)\arcgis\desktop10.4\ArcToolbox\Toolboxes\Data Management Tools.tbx\CalculateField" Date="20231215" Time="111214">CalculateField EMSN183_GDB\transportL emsn_id "EMSN183" VB #</Process><Process ToolSource="c:\program files (x86)\arcgis\desktop10.4\ArcToolbox\Toolboxes\Data Management Tools.tbx\Append" Date="20231215" Time="135944">Append EMSN183_GDB\EMSR632_AOI01_GRA_PRODUCT_transportationL_r1_v1 transportL NO_TEST "obj_type "Subtype (Element type)" true true false 4 Long 0 0 ,First,#;info "Ancillary attribute" true true false 4 Long 0 0 ,First,#;NAM "Name" true true false 100 Text 0 0 ,First,#,EMSN183_GDB\EMSR632_AOI01_GRA_PRODUCT_transportationL_r1_v1,name,-1,-1;FUN "Condition of Facility" true true false 4 Long 0 0 ,First,#;TRS "Transportation System Type" true true false 4 Long 0 0 ,First,#;det_method "Determination Method" true true false 50 Text 0 0 ,First,#,EMSN183_GDB\EMSR632_AOI01_GRA_PRODUCT_transportationL_r1_v1,det_method,-1,-1;or_src_id "Origin Source Identifier" true true false 50 Text 0 0 ,First,#;emsn_id "Activation Code" true true false 50 Text 0 0 ,First,#;fwc_type "Framework Contract Type" true true false 10 Text 0 0 ,First,#;aoi_id "AOI Id" true true false 50 Text 0 0 ,First,#;name "AOI name" true true false 50 Text 0 0 ,First,#;country "Country" true true false 100 Text 0 0 ,First,#;temp "temp" true true false 50 Text 0 0 ,First,#,EMSN183_GDB\EMSR632_AOI01_GRA_PRODUCT_transportationL_r1_v1,notation,-1,-1;Shape_Length "Shape_Length" false true true 8 Double 0 0 ,First,#" #</Process><Process ToolSource="c:\program files (x86)\arcgis\desktop10.4\ArcToolbox\Toolboxes\Data Management Tools.tbx\Append" Date="20231215" Time="140109">Append EMSN183_GDB\EMSR632_AOI01_GRA_PRODUCT_transportationL_r1_v1 transportL NO_TEST "obj_type "Subtype (Element type)" true true false 4 Long 0 0 ,First,#;info "Ancillary attribute" true true false 4 Long 0 0 ,First,#;NAM "Name" true true false 100 Text 0 0 ,First,#,EMSN183_GDB\EMSR632_AOI01_GRA_PRODUCT_transportationL_r1_v1,name,-1,-1;FUN "Condition of Facility" true true false 4 Long 0 0 ,First,#;TRS "Transportation System Type" true true false 4 Long 0 0 ,First,#;det_method "Determination Method" true true false 50 Text 0 0 ,First,#,EMSN183_GDB\EMSR632_AOI01_GRA_PRODUCT_transportationL_r1_v1,det_method,-1,-1;or_src_id "Origin Source Identifier" true true false 50 Text 0 0 ,First,#,EMSN183_GDB\EMSR632_AOI01_GRA_PRODUCT_transportationL_r1_v1,or_src_id,-1,-1;emsn_id "Activation Code" true true false 50 Text 0 0 ,First,#;fwc_type "Framework Contract Type" true true false 10 Text 0 0 ,First,#;aoi_id "AOI Id" true true false 50 Text 0 0 ,First,#;name "AOI name" true true false 50 Text 0 0 ,First,#;country "Country" true true false 100 Text 0 0 ,First,#;temp "temp" true true false 50 Text 0 0 ,First,#,EMSN183_GDB\EMSR632_AOI01_GRA_PRODUCT_transportationL_r1_v1,info,-1,-1;Shape_Length "Shape_Length" false true true 8 Double 0 0 ,First,#" #</Process><Process ToolSource="c:\program files (x86)\arcgis\desktop10.4\ArcToolbox\Toolboxes\Data Management Tools.tbx\Append" Date="20231220" Time="140938">Append transportL_LCSC transportL NO_TEST "obj_type "Subtype (Element type)" true true false 4 Long 0 0 ,First,#,transportL_LCSC,obj_type,-1,-1;info "Ancillary attribute" true true false 4 Long 0 0 ,First,#,transportL_LCSC,info,-1,-1;NAM "Name" true true false 100 Text 0 0 ,First,#,transportL_LCSC,NAM,-1,-1;FUN "Condition of Facility" true true false 4 Long 0 0 ,First,#,transportL_LCSC,FUN,-1,-1;TRS "Transportation System Type" true true false 4 Long 0 0 ,First,#,transportL_LCSC,TRS,-1,-1;det_method "Determination Method" true true false 50 Text 0 0 ,First,#,transportL_LCSC,det_method,-1,-1;or_src_id "Origin Source Identifier" true true false 50 Text 0 0 ,First,#,transportL_LCSC,or_src_id,-1,-1;emsn_id "Activation Code" true true false 50 Text 0 0 ,First,#,transportL_LCSC,emsn_id,-1,-1;fwc_type "Framework Contract Type" true true false 10 Text 0 0 ,First,#,transportL_LCSC,fwc_type,-1,-1;aoi_id "AOI Id" true true false 50 Text 0 0 ,First,#,transportL_LCSC,aoi_id,-1,-1;name "AOI name" true true false 50 Text 0 0 ,First,#,transportL_LCSC,name,-1,-1;country "Country" true true false 100 Text 0 0 ,First,#,transportL_LCSC,country,-1,-1;temp "temp" true true false 50 Text 0 0 ,First,#,transportL_LCSC,temp,-1,-1;Shape_Length "Shape_Length" false true true 8 Double 0 0 ,First,#,transportL_LCSC,Shape_Length,-1,-1" #</Process><Process ToolSource="c:\program files (x86)\arcgis\desktop10.4\ArcToolbox\Toolboxes\Data Management Tools.tbx\CopyFeatures" Date="20240103" Time="100634">CopyFeatures C:\GMV\Projects\On-going\EMS-RapidMapping\10_WORK\99_SVN\01_PRODUCTION\04_JOLC\EMSN183_FireSpain\P02\facilities_buildings\EMSN183_FLEX_UTM30N_V01_20231214.gdb\Reference\transportL C:\GMV\Projects\On-going\EMS-RapidMapping\10_WORK\99_SVN\01_PRODUCTION\04_JOLC\EMSN183_FireSpain\P02\facilities_buildings\EMSN183_FLEX_UTM30N_V01_20231214.gdb\Products\transportL_1 # 0 0 0</Process><Process ToolSource="c:\program files (x86)\arcgis\desktop10.4\ArcToolbox\Toolboxes\Data Management Tools.tbx\CopyFeatures" Date="20240103" Time="143346">CopyFeatures C:\99_SVN\01_PRODUCTION\04_JOLC\EMSN183_FireSpain\P02\facilities_buildings\EMSN183_FLEX_UTM30N_V01_20231214.gdb\Products\P02IMA_TRP_L C:\99_SVN\00_FLEX\EMSN183_FireSpain\05_Production\EMSN183_FLEX_UTM30N_V01_20231214.gdb\Products\P02IMA_TRP_L # 0 0 0</Process><Process ToolSource="c:\program files (x86)\arcgis\desktop10.4\ArcToolbox\Toolboxes\Data Management Tools.tbx\CalculateField" Date="20240105" Time="112100">CalculateField P02IMA_Transportation_L dmg_src_id 2 VB #</Process><Process ToolSource="c:\program files (x86)\arcgis\desktop10.4\ArcToolbox\Toolboxes\Data Management Tools.tbx\CalculateField" Date="20240105" Time="112133">CalculateField P02IMA_Transportation_L or_src_id 1 VB #</Process><Process ToolSource="c:\program files (x86)\arcgis\desktop10.4\ArcToolbox\Toolboxes\Data Management Tools.tbx\CalculateField" Date="20240105" Time="132310">CalculateField P02IMA_Transportation_L emsn_id "EMSN183" VB #</Process><Process ToolSource="c:\program files (x86)\arcgis\desktop10.4\ArcToolbox\Toolboxes\Data Management Tools.tbx\CalculateField" Date="20240105" Time="140529">CalculateField P02IMA_Transportation_L name "Sierra de Los Guajares" VB #</Process><Process ToolSource="c:\program files\arcgis\pro\Resources\ArcToolbox\toolboxes\Data Management Tools.tbx\UpdateSchema" Date="20240621" Time="102917">UpdateSchema "CIMDATA=&lt;CIMFeatureDatasetDataConnection xsi:type='typens:CIMFeatureDatasetDataConnection' xmlns:xsi='http://www.w3.org/2001/XMLSchema-instance' xmlns:xs='http://www.w3.org/2001/XMLSchema' xmlns:typens='http://www.esri.com/schemas/ArcGIS/3.2.0'&gt;&lt;FeatureDataset&gt;Products&lt;/FeatureDataset&gt;&lt;WorkspaceConnectionString&gt;DATABASE=F:\ITE\01_PROYECTOS\RRM_FLEX\Rumania Flood\4_Delivery\2_Geodeliverables\1_GDB\EMSN193_FLEX_UTM35N.gdb&lt;/WorkspaceConnectionString&gt;&lt;WorkspaceFactory&gt;FileGDB&lt;/WorkspaceFactory&gt;&lt;Dataset&gt;P02IMA_TransportationL&lt;/Dataset&gt;&lt;DatasetType&gt;esriDTFeatureClass&lt;/DatasetType&gt;&lt;/CIMFeatureDatasetDataConnection&gt;" "&lt;operationSequence&gt;&lt;workflow&gt;&lt;DeleteDomain&gt;&lt;domain_name&gt;frst_stg&lt;/domain_name&gt;&lt;/DeleteDomain&gt;&lt;/workflow&gt;&lt;workflow&gt;&lt;DeleteDomain&gt;&lt;domain_name&gt;P01_FDG_FireGrading&lt;/domain_name&gt;&lt;/DeleteDomain&gt;&lt;/workflow&gt;&lt;workflow&gt;&lt;AddField&gt;&lt;field_name&gt;TRS&lt;/field_name&gt;&lt;field_type&gt;LONG&lt;/field_type&gt;&lt;field_alias&gt;Transportation System Type&lt;/field_alias&gt;&lt;field_is_nullable&gt;True&lt;/field_is_nullable&gt;&lt;field_is_required&gt;False&lt;/field_is_required&gt;&lt;field_domain&gt;TRS&lt;/field_domain&gt;&lt;/AddField&gt;&lt;/workflow&gt;&lt;workflow&gt;&lt;AddField&gt;&lt;field_name&gt;RST&lt;/field_name&gt;&lt;field_type&gt;LONG&lt;/field_type&gt;&lt;field_alias&gt;Load-bearing Surface Type&lt;/field_alias&gt;&lt;field_is_nullable&gt;True&lt;/field_is_nullable&gt;&lt;field_is_required&gt;False&lt;/field_is_required&gt;&lt;/AddField&gt;&lt;/workflow&gt;&lt;workflow&gt;&lt;AddField&gt;&lt;field_name&gt;LOC&lt;/field_name&gt;&lt;field_type&gt;LONG&lt;/field_type&gt;&lt;field_alias&gt;Vertical Relative Location&lt;/field_alias&gt;&lt;field_is_nullable&gt;True&lt;/field_is_nullable&gt;&lt;field_is_required&gt;False&lt;/field_is_required&gt;&lt;/AddField&gt;&lt;/workflow&gt;&lt;/operationSequence&gt;"</Process><Process ToolSource="c:\program files\arcgis\pro\Resources\ArcToolbox\toolboxes\Data Management Tools.tbx\UpdateSchema" Date="20240621" Time="103006">UpdateSchema "CIMDATA=&lt;CIMFeatureDatasetDataConnection xsi:type='typens:CIMFeatureDatasetDataConnection' xmlns:xsi='http://www.w3.org/2001/XMLSchema-instance' xmlns:xs='http://www.w3.org/2001/XMLSchema' xmlns:typens='http://www.esri.com/schemas/ArcGIS/3.2.0'&gt;&lt;FeatureDataset&gt;Products&lt;/FeatureDataset&gt;&lt;WorkspaceConnectionString&gt;DATABASE=F:\ITE\01_PROYECTOS\RRM_FLEX\Rumania Flood\4_Delivery\2_Geodeliverables\1_GDB\EMSN193_FLEX_UTM35N.gdb&lt;/WorkspaceConnectionString&gt;&lt;WorkspaceFactory&gt;FileGDB&lt;/WorkspaceFactory&gt;&lt;Dataset&gt;P02IMA_TransportationL&lt;/Dataset&gt;&lt;DatasetType&gt;esriDTFeatureClass&lt;/DatasetType&gt;&lt;/CIMFeatureDatasetDataConnection&gt;" &lt;operationSequence&gt;&lt;workflow&gt;&lt;DeleteDomain&gt;&lt;domain_name&gt;frst_stg&lt;/domain_name&gt;&lt;/DeleteDomain&gt;&lt;/workflow&gt;&lt;workflow&gt;&lt;DeleteDomain&gt;&lt;domain_name&gt;P01_FDG_FireGrading&lt;/domain_name&gt;&lt;/DeleteDomain&gt;&lt;/workflow&gt;&lt;workflow&gt;&lt;AssignDomainToField&gt;&lt;field_name&gt;RST&lt;/field_name&gt;&lt;domain_name&gt;RST&lt;/domain_name&gt;&lt;/AssignDomainToField&gt;&lt;/workflow&gt;&lt;/operationSequence&gt;</Process><Process ToolSource="c:\program files\arcgis\pro\Resources\ArcToolbox\toolboxes\Data Management Tools.tbx\UpdateSchema" Date="20240621" Time="103057">UpdateSchema "CIMDATA=&lt;CIMFeatureDatasetDataConnection xsi:type='typens:CIMFeatureDatasetDataConnection' xmlns:xsi='http://www.w3.org/2001/XMLSchema-instance' xmlns:xs='http://www.w3.org/2001/XMLSchema' xmlns:typens='http://www.esri.com/schemas/ArcGIS/3.2.0'&gt;&lt;FeatureDataset&gt;Products&lt;/FeatureDataset&gt;&lt;WorkspaceConnectionString&gt;DATABASE=F:\ITE\01_PROYECTOS\RRM_FLEX\Rumania Flood\4_Delivery\2_Geodeliverables\1_GDB\EMSN193_FLEX_UTM35N.gdb&lt;/WorkspaceConnectionString&gt;&lt;WorkspaceFactory&gt;FileGDB&lt;/WorkspaceFactory&gt;&lt;Dataset&gt;P02IMA_TransportationL&lt;/Dataset&gt;&lt;DatasetType&gt;esriDTFeatureClass&lt;/DatasetType&gt;&lt;/CIMFeatureDatasetDataConnection&gt;" &lt;operationSequence&gt;&lt;workflow&gt;&lt;DeleteDomain&gt;&lt;domain_name&gt;frst_stg&lt;/domain_name&gt;&lt;/DeleteDomain&gt;&lt;/workflow&gt;&lt;workflow&gt;&lt;DeleteDomain&gt;&lt;domain_name&gt;P01_FDG_FireGrading&lt;/domain_name&gt;&lt;/DeleteDomain&gt;&lt;/workflow&gt;&lt;workflow&gt;&lt;AssignDomainToField&gt;&lt;field_name&gt;LOC&lt;/field_name&gt;&lt;domain_name&gt;LOC&lt;/domain_name&gt;&lt;/AssignDomainToField&gt;&lt;/workflow&gt;&lt;/operationSequence&gt;</Process><Process ToolSource="c:\program files\arcgis\pro\Resources\ArcToolbox\toolboxes\Data Management Tools.tbx\Rename" Date="20240621" Time="103715">Rename "F:\ITE\01_PROYECTOS\RRM_FLEX\Rumania Flood\4_Delivery\2_Geodeliverables\1_GDB\EMSN193_FLEX_UTM35N.gdb\Products\P02IMA_TransportationL" "F:\ITE\01_PROYECTOS\RRM_FLEX\Rumania Flood\4_Delivery\2_Geodeliverables\1_GDB\EMSN193_FLEX_UTM35N.gdb\Products\P01_TransportationL" FeatureClass</Process><Process ToolSource="c:\program files\arcgis\pro\Resources\ArcToolbox\Toolboxes\Data Management Tools.tbx\UpdateSchema" Date="20240621" Time="105101">UpdateSchema "F:\ITE\01_PROYECTOS\RRM_FLEX\Rumania Flood\4_Delivery\2_Geodeliverables\1_GDB\EMSN193_FLEX_UTM35N.gdb\Products\P01_TransportationL" &lt;operationSequence&gt;&lt;workflow&gt;&lt;RemoveDomainFromField&gt;&lt;field_name&gt;damage_grade&lt;/field_name&gt;&lt;subtype_code&gt;211&lt;/subtype_code&gt;&lt;/RemoveDomainFromField&gt;&lt;/workflow&gt;&lt;workflow&gt;&lt;RemoveDomainFromField&gt;&lt;field_name&gt;damage_grade&lt;/field_name&gt;&lt;subtype_code&gt;212&lt;/subtype_code&gt;&lt;/RemoveDomainFromField&gt;&lt;/workflow&gt;&lt;workflow&gt;&lt;RemoveDomainFromField&gt;&lt;field_name&gt;damage_grade&lt;/field_name&gt;&lt;subtype_code&gt;213&lt;/subtype_code&gt;&lt;/RemoveDomainFromField&gt;&lt;/workflow&gt;&lt;workflow&gt;&lt;RemoveDomainFromField&gt;&lt;field_name&gt;damage_grade&lt;/field_name&gt;&lt;subtype_code&gt;214&lt;/subtype_code&gt;&lt;/RemoveDomainFromField&gt;&lt;/workflow&gt;&lt;/operationSequence&gt;</Process><Process ToolSource="c:\program files\arcgis\pro\Resources\ArcToolbox\Toolboxes\Data Management Tools.tbx\UpdateSchema" Date="20240621" Time="105114">UpdateSchema "F:\ITE\01_PROYECTOS\RRM_FLEX\Rumania Flood\4_Delivery\2_Geodeliverables\1_GDB\EMSN193_FLEX_UTM35N.gdb\Products\P01_TransportationL" &lt;operationSequence&gt;&lt;workflow&gt;&lt;RemoveDomainFromField&gt;&lt;field_name&gt;damage_grade&lt;/field_name&gt;&lt;subtype_code&gt;215&lt;/subtype_code&gt;&lt;/RemoveDomainFromField&gt;&lt;/workflow&gt;&lt;/operationSequence&gt;</Process><Process ToolSource="c:\program files\arcgis\pro\Resources\ArcToolbox\Toolboxes\Data Management Tools.tbx\UpdateSchema" Date="20240621" Time="110300">UpdateSchema "CIMDATA=&lt;CIMFeatureDatasetDataConnection xsi:type='typens:CIMFeatureDatasetDataConnection' xmlns:xsi='http://www.w3.org/2001/XMLSchema-instance' xmlns:xs='http://www.w3.org/2001/XMLSchema' xmlns:typens='http://www.esri.com/schemas/ArcGIS/3.2.0'&gt;&lt;FeatureDataset&gt;Products&lt;/FeatureDataset&gt;&lt;WorkspaceConnectionString&gt;DATABASE=F:\ITE\01_PROYECTOS\RRM_FLEX\Rumania Flood\4_Delivery\2_Geodeliverables\1_GDB\EMSN193_FLEX_UTM35N.gdb&lt;/WorkspaceConnectionString&gt;&lt;WorkspaceFactory&gt;FileGDB&lt;/WorkspaceFactory&gt;&lt;Dataset&gt;P01_TransportationL&lt;/Dataset&gt;&lt;DatasetType&gt;esriDTFeatureClass&lt;/DatasetType&gt;&lt;/CIMFeatureDatasetDataConnection&gt;" "&lt;operationSequence&gt;&lt;workflow&gt;&lt;AlterField&gt;&lt;field_name&gt;damage_grade&lt;/field_name&gt;&lt;new_field_name&gt;imp_assess&lt;/new_field_name&gt;&lt;field_alias&gt;Flood Impact Assessment&lt;/field_alias&gt;&lt;field_is_nullable&gt;True&lt;/field_is_nullable&gt;&lt;clear_field_alias&gt;False&lt;/clear_field_alias&gt;&lt;/AlterField&gt;&lt;AssignDomainToField&gt;&lt;field_name&gt;imp_assess&lt;/field_name&gt;&lt;domain_name&gt;ImpAsses&lt;/domain_name&gt;&lt;/AssignDomainToField&gt;&lt;/workflow&gt;&lt;/operationSequence&gt;"</Process><Process ToolSource="c:\program files\arcgis\pro\Resources\ArcToolbox\toolboxes\Data Management Tools.tbx\Append" Date="20240621" Time="111511">Append INPUT_toCopy\RoadL "F:\ITE\01_PROYECTOS\RRM_FLEX\Rumania Flood\4_Delivery\2_Geodeliverables\1_GDB\EMSN193_FLEX_UTM35N.gdb\Products\P01_TransportationL" "Use the field map to reconcile field differences" "obj_type "Subtype (Element type)" true true false 4 Long 0 0,First,#,INPUT_toCopy\RoadL,FCSubtype,-1,-1;info "Ancillary attribute" true true false 4 Long 0 0,First,#,INPUT_toCopy\RoadL,HCT,-1,-1;NAM "Name" true true false 100 Text 0 0,First,#,F:\ITE\01_PROYECTOS\RRM_FLEX\Rumania Flood\3_Process\1_P1\EMSN193_schema_v6_GCS_topo.gdb\EMSN_GCS\LAP030_Road,NAM,0,79;FUN "Condition of Facility" true true false 4 Long 0 0,First,#,F:\ITE\01_PROYECTOS\RRM_FLEX\Rumania Flood\3_Process\1_P1\EMSN193_schema_v6_GCS_topo.gdb\EMSN_GCS\LAP030_Road,FUN,-1,-1;det_method "Determination Method" true true false 50 Text 0 0,First,#;or_src_id "Origin Source Identifier" true true false 50 Text 0 0,First,#;emsn_id "Activation Code" true true false 50 Text 0 0,First,#;fwc_type "Framework Contract Type" true true false 10 Text 0 0,First,#;aoi_id "AOI Id" true true false 50 Text 0 0,First,#;name "AOI name" true true false 50 Text 0 0,First,#;country "Country" true true false 100 Text 0 0,First,#;imp_assess "Flood Impact Assessment" true true false 2 Short 0 0,First,#;dmg_src_id "Damage Source Identifier" true true false 50 Text 0 0,First,#;length_m "length_m" true true false 8 Double 0 0,First,#;TRS "Transportation System Type" true true false 4 Long 0 0,First,#;RST "Load-bearing Surface Type" true true false 4 Long 0 0,First,#,F:\ITE\01_PROYECTOS\RRM_FLEX\Rumania Flood\3_Process\1_P1\EMSN193_schema_v6_GCS_topo.gdb\EMSN_GCS\LAP030_Road,RST,-1,-1;LOC "Vertical Relative Location" true true false 4 Long 0 0,First,#,F:\ITE\01_PROYECTOS\RRM_FLEX\Rumania Flood\3_Process\1_P1\EMSN193_schema_v6_GCS_topo.gdb\EMSN_GCS\LAP030_Road,LOC,-1,-1" # # # NOT_UPDATE_GEOMETRY</Process><Process ToolSource="c:\program files\arcgis\pro\Resources\ArcToolbox\toolboxes\Data Management Tools.tbx\UpdateSchema" Date="20240621" Time="112047">UpdateSchema "CIMDATA=&lt;CIMFeatureDatasetDataConnection xsi:type='typens:CIMFeatureDatasetDataConnection' xmlns:xsi='http://www.w3.org/2001/XMLSchema-instance' xmlns:xs='http://www.w3.org/2001/XMLSchema' xmlns:typens='http://www.esri.com/schemas/ArcGIS/3.2.0'&gt;&lt;FeatureDataset&gt;Products&lt;/FeatureDataset&gt;&lt;WorkspaceConnectionString&gt;DATABASE=F:\ITE\01_PROYECTOS\RRM_FLEX\Rumania Flood\4_Delivery\2_Geodeliverables\1_GDB\EMSN193_FLEX_UTM35N.gdb&lt;/WorkspaceConnectionString&gt;&lt;WorkspaceFactory&gt;FileGDB&lt;/WorkspaceFactory&gt;&lt;Dataset&gt;P01_TransportationL&lt;/Dataset&gt;&lt;DatasetType&gt;esriDTFeatureClass&lt;/DatasetType&gt;&lt;/CIMFeatureDatasetDataConnection&gt;" &lt;operationSequence&gt;&lt;workflow&gt;&lt;AssignDomainToField&gt;&lt;field_name&gt;info&lt;/field_name&gt;&lt;domain_name&gt;HCT&lt;/domain_name&gt;&lt;/AssignDomainToField&gt;&lt;/workflow&gt;&lt;/operationSequence&gt;</Process><Process ToolSource="c:\program files\arcgis\pro\Resources\ArcToolbox\toolboxes\Data Management Tools.tbx\Append" Date="20240621" Time="112342">Append INPUT_toCopy\RoadL "F:\ITE\01_PROYECTOS\RRM_FLEX\Rumania Flood\4_Delivery\2_Geodeliverables\1_GDB\EMSN193_FLEX_UTM35N.gdb\Products\P01_TransportationL" "Use the field map to reconcile field differences" "obj_type "Subtype (Element type)" true true false 4 Long 0 0,First,#;info "Ancillary attribute" true true false 4 Long 0 0,First,#,INPUT_toCopy\RoadL,HCT,-1,-1;NAM "Name" true true false 100 Text 0 0,First,#,F:\ITE\01_PROYECTOS\RRM_FLEX\Rumania Flood\3_Process\1_P1\EMSN193_schema_v6_GCS_topo.gdb\EMSN_GCS\LAP030_Road,NAM,0,79;FUN "Condition of Facility" true true false 4 Long 0 0,First,#,F:\ITE\01_PROYECTOS\RRM_FLEX\Rumania Flood\3_Process\1_P1\EMSN193_schema_v6_GCS_topo.gdb\EMSN_GCS\LAP030_Road,FUN,-1,-1;det_method "Determination Method" true true false 50 Text 0 0,First,#;or_src_id "Origin Source Identifier" true true false 50 Text 0 0,First,#;emsn_id "Activation Code" true true false 50 Text 0 0,First,#;fwc_type "Framework Contract Type" true true false 10 Text 0 0,First,#;aoi_id "AOI Id" true true false 50 Text 0 0,First,#;name "AOI name" true true false 50 Text 0 0,First,#;country "Country" true true false 100 Text 0 0,First,#;imp_assess "Flood Impact Assessment" true true false 2 Short 0 0,First,#;dmg_src_id "Damage Source Identifier" true true false 50 Text 0 0,First,#;length_m "length_m" true true false 8 Double 0 0,First,#;TRS "Transportation System Type" true true false 4 Long 0 0,First,#;RST "Load-bearing Surface Type" true true false 4 Long 0 0,First,#,F:\ITE\01_PROYECTOS\RRM_FLEX\Rumania Flood\3_Process\1_P1\EMSN193_schema_v6_GCS_topo.gdb\EMSN_GCS\LAP030_Road,RST,-1,-1;LOC "Vertical Relative Location" true true false 4 Long 0 0,First,#,F:\ITE\01_PROYECTOS\RRM_FLEX\Rumania Flood\3_Process\1_P1\EMSN193_schema_v6_GCS_topo.gdb\EMSN_GCS\LAP030_Road,LOC,-1,-1" # # # NOT_UPDATE_GEOMETRY</Process><Process ToolSource="c:\program files\arcgis\pro\Resources\ArcToolbox\toolboxes\Data Management Tools.tbx\UpdateSchema" Date="20240621" Time="113155">UpdateSchema EMSN193_GDB\P01_TransportationL &lt;operationSequence&gt;&lt;workflow&gt;&lt;AssignDomainToField&gt;&lt;field_name&gt;info&lt;/field_name&gt;&lt;domain_name&gt;road_info&lt;/domain_name&gt;&lt;/AssignDomainToField&gt;&lt;/workflow&gt;&lt;workflow&gt;&lt;AssignDomainToField&gt;&lt;field_name&gt;info&lt;/field_name&gt;&lt;domain_name&gt;HCT&lt;/domain_name&gt;&lt;subtype_code&gt;211&lt;/subtype_code&gt;&lt;/AssignDomainToField&gt;&lt;AssignDefaultToField&gt;&lt;field_name&gt;info&lt;/field_name&gt;&lt;clear_value&gt;True&lt;/clear_value&gt;&lt;subtype_code&gt;211&lt;/subtype_code&gt;&lt;/AssignDefaultToField&gt;&lt;/workflow&gt;&lt;/operationSequence&gt;</Process><Process ToolSource="c:\program files\arcgis\pro\Resources\ArcToolbox\toolboxes\Data Management Tools.tbx\UpdateSchema" Date="20240621" Time="113228">UpdateSchema EMSN193_GDB\P01_TransportationL &lt;operationSequence&gt;&lt;workflow&gt;&lt;AssignDefaultToField&gt;&lt;field_name&gt;info&lt;/field_name&gt;&lt;default_value&gt;4&lt;/default_value&gt;&lt;subtype_code&gt;211&lt;/subtype_code&gt;&lt;/AssignDefaultToField&gt;&lt;/workflow&gt;&lt;/operationSequence&gt;</Process><Process ToolSource="c:\program files\arcgis\pro\Resources\ArcToolbox\toolboxes\Data Management Tools.tbx\UpdateSchema" Date="20240621" Time="113259">UpdateSchema "CIMDATA=&lt;CIMFeatureDatasetDataConnection xsi:type='typens:CIMFeatureDatasetDataConnection' xmlns:xsi='http://www.w3.org/2001/XMLSchema-instance' xmlns:xs='http://www.w3.org/2001/XMLSchema' xmlns:typens='http://www.esri.com/schemas/ArcGIS/3.2.0'&gt;&lt;FeatureDataset&gt;Products&lt;/FeatureDataset&gt;&lt;WorkspaceConnectionString&gt;DATABASE=F:\ITE\01_PROYECTOS\RRM_FLEX\Rumania Flood\4_Delivery\2_Geodeliverables\1_GDB\EMSN193_FLEX_UTM35N.gdb&lt;/WorkspaceConnectionString&gt;&lt;WorkspaceFactory&gt;FileGDB&lt;/WorkspaceFactory&gt;&lt;Dataset&gt;P01_TransportationL&lt;/Dataset&gt;&lt;DatasetType&gt;esriDTFeatureClass&lt;/DatasetType&gt;&lt;/CIMFeatureDatasetDataConnection&gt;" &lt;operationSequence&gt;&lt;workflow&gt;&lt;AssignDomainToField&gt;&lt;field_name&gt;info&lt;/field_name&gt;&lt;domain_name&gt;HCT&lt;/domain_name&gt;&lt;/AssignDomainToField&gt;&lt;/workflow&gt;&lt;/operationSequence&gt;</Process><Process ToolSource="c:\program files\arcgis\pro\Resources\ArcToolbox\toolboxes\Data Management Tools.tbx\UpdateSchema" Date="20240621" Time="113348">UpdateSchema "F:\ITE\01_PROYECTOS\RRM_FLEX\Rumania Flood\4_Delivery\2_Geodeliverables\1_GDB\EMSN193_FLEX_UTM35N.gdb\Products\P01_TransportationL" &lt;operationSequence&gt;&lt;workflow&gt;&lt;AssignDefaultToField&gt;&lt;field_name&gt;info&lt;/field_name&gt;&lt;clear_value&gt;True&lt;/clear_value&gt;&lt;subtype_code&gt;211&lt;/subtype_code&gt;&lt;/AssignDefaultToField&gt;&lt;/workflow&gt;&lt;/operationSequence&gt;</Process><Process ToolSource="c:\program files\arcgis\pro\Resources\ArcToolbox\toolboxes\Data Management Tools.tbx\CalculateField" Date="20240621" Time="113519">CalculateField P01_TransportationL obj_type 211 Python # Text NO_ENFORCE_DOMAINS</Process><Process ToolSource="c:\program files\arcgis\pro\Resources\ArcToolbox\Toolboxes\Data Management Tools.tbx\UpdateSchema" Date="20240621" Time="114519">UpdateSchema "F:\ITE\01_PROYECTOS\RRM_FLEX\Rumania Flood\4_Delivery\2_Geodeliverables\1_GDB\EMSN193_FLEX_UTM35N.gdb\Products\P01_TransportationL" &lt;operationSequence&gt;&lt;workflow&gt;&lt;AssignDomainToField&gt;&lt;field_name&gt;trs&lt;/field_name&gt;&lt;domain_name&gt;TRS&lt;/domain_name&gt;&lt;subtype_code&gt;211&lt;/subtype_code&gt;&lt;/AssignDomainToField&gt;&lt;/workflow&gt;&lt;workflow&gt;&lt;AssignDomainToField&gt;&lt;field_name&gt;rst&lt;/field_name&gt;&lt;domain_name&gt;RST&lt;/domain_name&gt;&lt;subtype_code&gt;211&lt;/subtype_code&gt;&lt;/AssignDomainToField&gt;&lt;/workflow&gt;&lt;workflow&gt;&lt;AssignDomainToField&gt;&lt;field_name&gt;loc&lt;/field_name&gt;&lt;domain_name&gt;LOC&lt;/domain_name&gt;&lt;subtype_code&gt;211&lt;/subtype_code&gt;&lt;/AssignDomainToField&gt;&lt;/workflow&gt;&lt;/operationSequence&gt;</Process><Process ToolSource="c:\program files\arcgis\pro\Resources\ArcToolbox\Toolboxes\Data Management Tools.tbx\UpdateSchema" Date="20240621" Time="114651">UpdateSchema "F:\ITE\01_PROYECTOS\RRM_FLEX\Rumania Flood\4_Delivery\2_Geodeliverables\1_GDB\EMSN193_FLEX_UTM35N.gdb\Products\P01_TransportationL" &lt;operationSequence&gt;&lt;workflow&gt;&lt;AssignDefaultToField&gt;&lt;field_name&gt;emsn_id&lt;/field_name&gt;&lt;default_value&gt;EMSN193&lt;/default_value&gt;&lt;subtype_code&gt;211&lt;/subtype_code&gt;&lt;/AssignDefaultToField&gt;&lt;/workflow&gt;&lt;workflow&gt;&lt;AssignDefaultToField&gt;&lt;field_name&gt;emsn_id&lt;/field_name&gt;&lt;default_value&gt;EMSN193&lt;/default_value&gt;&lt;subtype_code&gt;212&lt;/subtype_code&gt;&lt;/AssignDefaultToField&gt;&lt;/workflow&gt;&lt;workflow&gt;&lt;AssignDefaultToField&gt;&lt;field_name&gt;emsn_id&lt;/field_name&gt;&lt;default_value&gt;EMSN193&lt;/default_value&gt;&lt;subtype_code&gt;213&lt;/subtype_code&gt;&lt;/AssignDefaultToField&gt;&lt;/workflow&gt;&lt;workflow&gt;&lt;AssignDefaultToField&gt;&lt;field_name&gt;emsn_id&lt;/field_name&gt;&lt;default_value&gt;EMSN193&lt;/default_value&gt;&lt;subtype_code&gt;214&lt;/subtype_code&gt;&lt;/AssignDefaultToField&gt;&lt;/workflow&gt;&lt;workflow&gt;&lt;AssignDefaultToField&gt;&lt;field_name&gt;emsn_id&lt;/field_name&gt;&lt;default_value&gt;EMSN193&lt;/default_value&gt;&lt;subtype_code&gt;215&lt;/subtype_code&gt;&lt;/AssignDefaultToField&gt;&lt;/workflow&gt;&lt;/operationSequence&gt;</Process><Process ToolSource="c:\program files\arcgis\pro\Resources\ArcToolbox\Toolboxes\Data Management Tools.tbx\UpdateSchema" Date="20240621" Time="114949">UpdateSchema "CIMDATA=&lt;CIMFeatureDatasetDataConnection xsi:type='typens:CIMFeatureDatasetDataConnection' xmlns:xsi='http://www.w3.org/2001/XMLSchema-instance' xmlns:xs='http://www.w3.org/2001/XMLSchema' xmlns:typens='http://www.esri.com/schemas/ArcGIS/3.2.0'&gt;&lt;FeatureDataset&gt;Products&lt;/FeatureDataset&gt;&lt;WorkspaceConnectionString&gt;DATABASE=F:\ITE\01_PROYECTOS\RRM_FLEX\Rumania Flood\4_Delivery\2_Geodeliverables\1_GDB\EMSN193_FLEX_UTM35N.gdb&lt;/WorkspaceConnectionString&gt;&lt;WorkspaceFactory&gt;FileGDB&lt;/WorkspaceFactory&gt;&lt;Dataset&gt;P01_TransportationL&lt;/Dataset&gt;&lt;DatasetType&gt;esriDTFeatureClass&lt;/DatasetType&gt;&lt;/CIMFeatureDatasetDataConnection&gt;" &lt;operationSequence&gt;&lt;workflow&gt;&lt;DeleteField&gt;&lt;field_name&gt;TRS&lt;/field_name&gt;&lt;/DeleteField&gt;&lt;/workflow&gt;&lt;/operationSequence&gt;</Process><Process ToolSource="c:\program files\arcgis\pro\Resources\ArcToolbox\toolboxes\Data Management Tools.tbx\Append" Date="20240624" Time="152431">Append INPUT_toCopy\BridgeL "F:\ITE\01_PROYECTOS\RRM_FLEX\Rumania Flood\4_Delivery\2_Geodeliverables\1_GDB\EMSN193_FLEX_UTM35N.gdb\Products\P01_TransportationL" "Use the field map to reconcile field differences" "obj_type "Subtype (Element type)" true true false 4 Long 0 0,First,#;info "Ancillary attribute" true true false 4 Long 0 0,First,#;NAM "Name" true true false 100 Text 0 0,First,#,F:\ITE\01_PROYECTOS\RRM_FLEX\Rumania Flood\3_Process\1_P1\EMSN193_schema_v6_GCS_topo.gdb\EMSN_GCS\BridgeL,NAM,0,79;FUN "Condition of Facility" true true false 4 Long 0 0,First,#,F:\ITE\01_PROYECTOS\RRM_FLEX\Rumania Flood\3_Process\1_P1\EMSN193_schema_v6_GCS_topo.gdb\EMSN_GCS\BridgeL,FUN,-1,-1;det_method "Determination Method" true true false 50 Text 0 0,First,#;or_src_id "Origin Source Identifier" true true false 50 Text 0 0,First,#;emsn_id "Activation Code" true true false 50 Text 0 0,First,#;fwc_type "Framework Contract Type" true true false 10 Text 0 0,First,#;aoi_id "AOI Id" true true false 50 Text 0 0,First,#;name "AOI name" true true false 50 Text 0 0,First,#;country "Country" true true false 100 Text 0 0,First,#;imp_assess "Flood Impact Assessment" true true false 2 Short 0 0,First,#;dmg_src_id "Damage Source Identifier" true true false 50 Text 0 0,First,#;length_m "length_m" true true false 8 Double 0 0,First,#;RST "Load-bearing Surface Type" true true false 4 Long 0 0,First,#;LOC "Vertical Relative Location" true true false 4 Long 0 0,First,#" # # # NOT_UPDATE_GEOMETRY</Process><Process ToolSource="c:\program files\arcgis\pro\Resources\ArcToolbox\toolboxes\Data Management Tools.tbx\CalculateField" Date="20240624" Time="152559">CalculateField EMSN193_GDB\P01_TransportationL obj_type 214 Python # Text NO_ENFORCE_DOMAINS</Process><Process ToolSource="c:\program files\arcgis\pro\Resources\ArcToolbox\toolboxes\Data Management Tools.tbx\CalculateField" Date="20240624" Time="153556">CalculateField EMSN193_GDB\P01_TransportationL NAM !NAM!.replace(",", "") Python # Text NO_ENFORCE_DOMAINS</Process><Process ToolSource="c:\program files\arcgis\pro\Resources\ArcToolbox\toolboxes\Data Management Tools.tbx\Append" Date="20240624" Time="174216">Append 'F:\ITE\01_PROYECTOS\RRM_FLEX\Rumania Flood\3_Process\1_P1\EMSN193_schema_v6_GCS_topo.gdb\EMSN_GCS\RailrdL' "F:\ITE\01_PROYECTOS\RRM_FLEX\Rumania Flood\4_Delivery\2_Geodeliverables\1_GDB\EMSN193_FLEX_UTM35N_MG.gdb\Products_UTM35N\P01_TransportationL_1" "Use the field map to reconcile field differences" "obj_type "Subtype (Element type)" true true false 4 Long 0 0,First,#;info "Ancillary attribute" true true false 4 Long 0 0,First,#;NAM "Name" true true false 100 Text 0 0,First,#,F:\ITE\01_PROYECTOS\RRM_FLEX\Rumania Flood\3_Process\1_P1\EMSN193_schema_v6_GCS_topo.gdb\EMSN_GCS\RailrdL,NAM,0,79;FUN "Condition of Facility" true true false 4 Long 0 0,First,#,F:\ITE\01_PROYECTOS\RRM_FLEX\Rumania Flood\3_Process\1_P1\EMSN193_schema_v6_GCS_topo.gdb\EMSN_GCS\RailrdL,FUN,-1,-1;det_method "Determination Method" true true false 50 Text 0 0,First,#;or_src_id "Origin Source Identifier" true true false 50 Text 0 0,First,#;emsn_id "Activation Code" true true false 50 Text 0 0,First,#;fwc_type "Framework Contract Type" true true false 10 Text 0 0,First,#;aoi_id "AOI Id" true true false 50 Text 0 0,First,#;name "AOI name" true true false 50 Text 0 0,First,#;country "Country" true true false 100 Text 0 0,First,#;imp_assess "Flood Impact Assessment" true true false 2 Short 0 0,First,#;dmg_src_id "Damage Source Identifier" true true false 50 Text 0 0,First,#;length_m "length_m" true true false 8 Double 0 0,First,#;RST "Load-bearing Surface Type" true true false 4 Long 0 0,First,#;LOC "Vertical Relative Location" true true false 4 Long 0 0,First,#,F:\ITE\01_PROYECTOS\RRM_FLEX\Rumania Flood\3_Process\1_P1\EMSN193_schema_v6_GCS_topo.gdb\EMSN_GCS\RailrdL,LOC,-1,-1" Railways # # NOT_UPDATE_GEOMETRY</Process><Process ToolSource="c:\program files\arcgis\pro\Resources\ArcToolbox\toolboxes\Data Management Tools.tbx\UpdateSchema" Date="20240624" Time="174533">UpdateSchema "F:\ITE\01_PROYECTOS\RRM_FLEX\Rumania Flood\4_Delivery\2_Geodeliverables\1_GDB\EMSN193_FLEX_UTM35N_MG.gdb\Products_UTM35N\P01_TransportationL_1" &lt;operationSequence&gt;&lt;workflow&gt;&lt;AssignDomainToField&gt;&lt;field_name&gt;rst&lt;/field_name&gt;&lt;domain_name&gt;RST&lt;/domain_name&gt;&lt;subtype_code&gt;212&lt;/subtype_code&gt;&lt;/AssignDomainToField&gt;&lt;/workflow&gt;&lt;workflow&gt;&lt;AssignDomainToField&gt;&lt;field_name&gt;loc&lt;/field_name&gt;&lt;domain_name&gt;LOC&lt;/domain_name&gt;&lt;subtype_code&gt;212&lt;/subtype_code&gt;&lt;/AssignDomainToField&gt;&lt;/workflow&gt;&lt;workflow&gt;&lt;AssignDomainToField&gt;&lt;field_name&gt;info&lt;/field_name&gt;&lt;domain_name&gt;HCT&lt;/domain_name&gt;&lt;subtype_code&gt;214&lt;/subtype_code&gt;&lt;/AssignDomainToField&gt;&lt;AssignDefaultToField&gt;&lt;field_name&gt;info&lt;/field_name&gt;&lt;default_value&gt;7&lt;/default_value&gt;&lt;subtype_code&gt;214&lt;/subtype_code&gt;&lt;/AssignDefaultToField&gt;&lt;/workflow&gt;&lt;workflow&gt;&lt;AssignDomainToField&gt;&lt;field_name&gt;rst&lt;/field_name&gt;&lt;domain_name&gt;RST&lt;/domain_name&gt;&lt;subtype_code&gt;214&lt;/subtype_code&gt;&lt;/AssignDomainToField&gt;&lt;/workflow&gt;&lt;workflow&gt;&lt;AssignDomainToField&gt;&lt;field_name&gt;loc&lt;/field_name&gt;&lt;domain_name&gt;LOC&lt;/domain_name&gt;&lt;subtype_code&gt;214&lt;/subtype_code&gt;&lt;/AssignDomainToField&gt;&lt;/workflow&gt;&lt;/operationSequence&gt;</Process><Process ToolSource="c:\program files\arcgis\pro\Resources\ArcToolbox\toolboxes\Data Management Tools.tbx\UpdateSchema" Date="20240625" Time="102022">UpdateSchema "F:\ITE\01_PROYECTOS\RRM_FLEX\Rumania Flood\4_Delivery\2_Geodeliverables\1_GDB\EMSN193_FLEX_UTM35N_MG.gdb\Products_UTM35N\P01_TransportationL" &lt;operationSequence&gt;&lt;workflow&gt;&lt;AssignDefaultToField&gt;&lt;field_name&gt;FUN&lt;/field_name&gt;&lt;default_value&gt;6&lt;/default_value&gt;&lt;subtype_code&gt;214&lt;/subtype_code&gt;&lt;/AssignDefaultToField&gt;&lt;/workflow&gt;&lt;workflow&gt;&lt;AssignDefaultToField&gt;&lt;field_name&gt;rst&lt;/field_name&gt;&lt;default_value&gt;1&lt;/default_value&gt;&lt;subtype_code&gt;214&lt;/subtype_code&gt;&lt;/AssignDefaultToField&gt;&lt;/workflow&gt;&lt;workflow&gt;&lt;AssignDefaultToField&gt;&lt;field_name&gt;loc&lt;/field_name&gt;&lt;default_value&gt;45&lt;/default_value&gt;&lt;subtype_code&gt;214&lt;/subtype_code&gt;&lt;/AssignDefaultToField&gt;&lt;/workflow&gt;&lt;/operationSequence&gt;</Process><Process ToolSource="c:\program files\arcgis\pro\Resources\ArcToolbox\toolboxes\Data Management Tools.tbx\UpdateSchema" Date="20240625" Time="102036">UpdateSchema "F:\ITE\01_PROYECTOS\RRM_FLEX\Rumania Flood\4_Delivery\2_Geodeliverables\1_GDB\EMSN193_FLEX_UTM35N_MG.gdb\Products_UTM35N\P01_TransportationL" &lt;operationSequence&gt;&lt;workflow&gt;&lt;AssignDefaultToField&gt;&lt;field_name&gt;det_method&lt;/field_name&gt;&lt;default_value&gt;1&lt;/default_value&gt;&lt;subtype_code&gt;214&lt;/subtype_code&gt;&lt;/AssignDefaultToField&gt;&lt;/workflow&gt;&lt;/operationSequence&gt;</Process><Process ToolSource="c:\program files\arcgis\pro\Resources\ArcToolbox\toolboxes\Data Management Tools.tbx\Append" Date="20240625" Time="102123">Append BridgeL "F:\ITE\01_PROYECTOS\RRM_FLEX\Rumania Flood\4_Delivery\2_Geodeliverables\1_GDB\EMSN193_FLEX_UTM35N_MG.gdb\Products_UTM35N\P01_TransportationL" "Use the field map to reconcile field differences" "obj_type "Subtype (Element type)" true true false 4 Long 0 0,First,#;info "Ancillary attribute" true true false 4 Long 0 0,First,#;NAM "Name" true true false 100 Text 0 0,First,#,F:\ITE\01_PROYECTOS\RRM_FLEX\Rumania Flood\3_Process\1_P1\EMSN193_schema_v6_GCS_topo.gdb\EMSN_GCS\BridgeL,NAM,0,79;FUN "Condition of Facility" true true false 4 Long 0 0,First,#,F:\ITE\01_PROYECTOS\RRM_FLEX\Rumania Flood\3_Process\1_P1\EMSN193_schema_v6_GCS_topo.gdb\EMSN_GCS\BridgeL,FUN,-1,-1;det_method "Determination Method" true true false 50 Text 0 0,First,#;or_src_id "Origin Source Identifier" true true false 50 Text 0 0,First,#;emsn_id "Activation Code" true true false 50 Text 0 0,First,#;fwc_type "Framework Contract Type" true true false 10 Text 0 0,First,#;aoi_id "AOI Id" true true false 50 Text 0 0,First,#;name "AOI name" true true false 50 Text 0 0,First,#;country "Country" true true false 100 Text 0 0,First,#;imp_assess "Flood Impact Assessment" true true false 2 Short 0 0,First,#;dmg_src_id "Damage Source Identifier" true true false 50 Text 0 0,First,#;length_m "length_m" true true false 8 Double 0 0,First,#;RST "Load-bearing Surface Type" true true false 4 Long 0 0,First,#;LOC "Vertical Relative Location" true true false 4 Long 0 0,First,#" "Bridges, elevated highways, tunnels and subways" # # NOT_UPDATE_GEOMETRY</Process><Process ToolSource="c:\program files\arcgis\pro\Resources\ArcToolbox\toolboxes\Data Management Tools.tbx\CalculateField" Date="20240625" Time="102256">CalculateField P01_TransportationL NAM "UNK" Python # Text NO_ENFORCE_DOMAINS</Process><Process ToolSource="c:\program files\arcgis\pro\Resources\ArcToolbox\toolboxes\Data Management Tools.tbx\CalculateField" Date="20240625" Time="102542">CalculateField P01_TransportationL NAM !NAM!.replace(",", "") Python # Text NO_ENFORCE_DOMAINS</Process><Process ToolSource="c:\program files\arcgis\pro\Resources\ArcToolbox\toolboxes\Data Management Tools.tbx\CalculateField" Date="20240625" Time="103204">CalculateField P01_TransportationL NAM !NAM!.replace(",", "") Python # Text NO_ENFORCE_DOMAINS</Process><Process ToolSource="c:\program files\arcgis\pro\Resources\ArcToolbox\toolboxes\Data Management Tools.tbx\CalculateField" Date="20240625" Time="103304">CalculateField P01_TransportationL NAM !NAM!.replace(",", "") Python # Text NO_ENFORCE_DOMAINS</Process><Process ToolSource="c:\program files\arcgis\pro\Resources\ArcToolbox\toolboxes\Data Management Tools.tbx\CalculateField" Date="20240625" Time="103950">CalculateField P01_TransportationL emsn_id "EMSN193" Python # Text NO_ENFORCE_DOMAINS</Process><Process ToolSource="c:\program files\arcgis\pro\Resources\ArcToolbox\toolboxes\Data Management Tools.tbx\CalculateField" Date="20240625" Time="104002">CalculateField P01_TransportationL fwc_type "FLEX" Python # Text NO_ENFORCE_DOMAINS</Process><Process ToolSource="c:\program files\arcgis\pro\Resources\ArcToolbox\toolboxes\Data Management Tools.tbx\Rename" Date="20240627" Time="150509">Rename "F:\ITE\01_PROYECTOS\RRM_FLEX\Rumania Flood\4_Delivery\2_Geodeliverables\1_GDB\EMSN193_FLEX_UTM35N_MG.gdb\Products_UTM35N\P01_TransportationL" "F:\ITE\01_PROYECTOS\RRM_FLEX\Rumania Flood\4_Delivery\2_Geodeliverables\1_GDB\EMSN193_FLEX_UTM35N_MG.gdb\Products_UTM35N\P01_REF_TransportationL" FeatureClass</Process><Process ToolSource="c:\program files\arcgis\pro\Resources\ArcToolbox\toolboxes\Data Management Tools.tbx\UpdateSchema" Date="20240627" Time="151504">UpdateSchema "CIMDATA=&lt;CIMFeatureDatasetDataConnection xsi:type='typens:CIMFeatureDatasetDataConnection' xmlns:xsi='http://www.w3.org/2001/XMLSchema-instance' xmlns:xs='http://www.w3.org/2001/XMLSchema' xmlns:typens='http://www.esri.com/schemas/ArcGIS/3.2.0'&gt;&lt;FeatureDataset&gt;Products_UTM35N&lt;/FeatureDataset&gt;&lt;WorkspaceConnectionString&gt;DATABASE=F:\ITE\01_PROYECTOS\RRM_FLEX\Rumania Flood\4_Delivery\2_Geodeliverables\1_GDB\EMSN193_FLEX_UTM35N_MG.gdb&lt;/WorkspaceConnectionString&gt;&lt;WorkspaceFactory&gt;FileGDB&lt;/WorkspaceFactory&gt;&lt;Dataset&gt;P01_REF_TransportationL&lt;/Dataset&gt;&lt;DatasetType&gt;esriDTFeatureClass&lt;/DatasetType&gt;&lt;/CIMFeatureDatasetDataConnection&gt;" &lt;operationSequence&gt;&lt;workflow&gt;&lt;DeleteField&gt;&lt;field_name&gt;imp_assess&lt;/field_name&gt;&lt;field_name&gt;dmg_src_id&lt;/field_name&gt;&lt;field_name&gt;length_m&lt;/field_name&gt;&lt;/DeleteField&gt;&lt;/workflow&gt;&lt;/operationSequence&gt;</Process><Process ToolSource="c:\program files\arcgis\pro\Resources\ArcToolbox\toolboxes\Data Management Tools.tbx\CalculateField" Date="20240628" Time="162502">CalculateField "F:\ITE\01_PROYECTOS\RRM_FLEX\Rumania Flood\4_Delivery\2_Geodeliverables\1_GDB\EMSN193_FLEX_UTM35N_MG.gdb\Products_UTM35N\P01_REF_TransportationL" emsn_id 'EMSN193' Python # Text NO_ENFORCE_DOMAINS</Process><Process ToolSource="c:\program files\arcgis\pro\Resources\ArcToolbox\toolboxes\Data Management Tools.tbx\CalculateField" Date="20240628" Time="162509">CalculateField "F:\ITE\01_PROYECTOS\RRM_FLEX\Rumania Flood\4_Delivery\2_Geodeliverables\1_GDB\EMSN193_FLEX_UTM35N_MG.gdb\Products_UTM35N\P01_REF_TransportationL" fwc_type 'FLEX' Python # Text NO_ENFORCE_DOMAINS</Process><Process ToolSource="c:\program files\arcgis\pro\Resources\ArcToolbox\toolboxes\Data Management Tools.tbx\CalculateField" Date="20240628" Time="162515">CalculateField "F:\ITE\01_PROYECTOS\RRM_FLEX\Rumania Flood\4_Delivery\2_Geodeliverables\1_GDB\EMSN193_FLEX_UTM35N_MG.gdb\Products_UTM35N\P01_REF_TransportationL" aoi_id '01' Python # Text NO_ENFORCE_DOMAINS</Process><Process ToolSource="c:\program files\arcgis\pro\Resources\ArcToolbox\toolboxes\Data Management Tools.tbx\CalculateField" Date="20240628" Time="162522">CalculateField "F:\ITE\01_PROYECTOS\RRM_FLEX\Rumania Flood\4_Delivery\2_Geodeliverables\1_GDB\EMSN193_FLEX_UTM35N_MG.gdb\Products_UTM35N\P01_REF_TransportationL" name 'Tazlau river' Python # Text NO_ENFORCE_DOMAINS</Process><Process ToolSource="c:\program files\arcgis\pro\Resources\ArcToolbox\toolboxes\Data Management Tools.tbx\CalculateField" Date="20240628" Time="162529">CalculateField "F:\ITE\01_PROYECTOS\RRM_FLEX\Rumania Flood\4_Delivery\2_Geodeliverables\1_GDB\EMSN193_FLEX_UTM35N_MG.gdb\Products_UTM35N\P01_REF_TransportationL" country 'Romania' Python # Text NO_ENFORCE_DOMAINS</Process><Process ToolSource="c:\program files\arcgis\pro\Resources\ArcToolbox\toolboxes\Data Management Tools.tbx\CalculateField" Date="20240702" Time="114424">CalculateField P01_REF_TransportationL det_method "1,3" Python # Text NO_ENFORCE_DOMAINS</Process><Process ToolSource="c:\program files\arcgis\pro\Resources\ArcToolbox\toolboxes\Data Management Tools.tbx\CalculateField" Date="20240702" Time="114521">CalculateField P01_REF_TransportationL or_src_id "7" Python # Text NO_ENFORCE_DOMAINS</Process><Process ToolSource="c:\program files (x86)\arcgis\desktop10.5\ArcToolbox\Toolboxes\Conversion Tools.tbx\FeatureClassToFeatureClass" Date="20240710" Time="125805">FeatureClassToFeatureClass GPL0 E:\EMSN_2024\EMSNXXX-FlooRiskAssess_Romania\07_ProduccPhase\Avances\Delivery\2_Geodeliverables\1_GDB\shapes P01_REF_TransportationL # "obj_type "obj_type" true true false 255 Text 0 0 ,First,#,E:\EMSN_2024\EMSNXXX-FlooRiskAssess_Romania\07_ProduccPhase\Avances\Delivery\2_Geodeliverables\1_GDB\EMSN193_FLEX_UTM35N_v01.gdb\Products\P01_REF_TransportationL,obj_type,-1,-1;info "info" true true false 255 Text 0 0 ,First,#,E:\EMSN_2024\EMSNXXX-FlooRiskAssess_Romania\07_ProduccPhase\Avances\Delivery\2_Geodeliverables\1_GDB\EMSN193_FLEX_UTM35N_v01.gdb\Products\P01_REF_TransportationL,info,-1,-1;NAM "Name" true true false 100 Text 0 0 ,First,#,E:\EMSN_2024\EMSNXXX-FlooRiskAssess_Romania\07_ProduccPhase\Avances\Delivery\2_Geodeliverables\1_GDB\EMSN193_FLEX_UTM35N_v01.gdb\Products\P01_REF_TransportationL,NAM,-1,-1;FUN "FUN" true true false 255 Text 0 0 ,First,#,E:\EMSN_2024\EMSNXXX-FlooRiskAssess_Romania\07_ProduccPhase\Avances\Delivery\2_Geodeliverables\1_GDB\EMSN193_FLEX_UTM35N_v01.gdb\Products\P01_REF_TransportationL,FUN,-1,-1;det_method "det_method" true true false 255 Text 0 0 ,First,#,E:\EMSN_2024\EMSNXXX-FlooRiskAssess_Romania\07_ProduccPhase\Avances\Delivery\2_Geodeliverables\1_GDB\EMSN193_FLEX_UTM35N_v01.gdb\Products\P01_REF_TransportationL,det_method,-1,-1;or_src_id "Origin Source Identifier" true true false 50 Text 0 0 ,First,#,E:\EMSN_2024\EMSNXXX-FlooRiskAssess_Romania\07_ProduccPhase\Avances\Delivery\2_Geodeliverables\1_GDB\EMSN193_FLEX_UTM35N_v01.gdb\Products\P01_REF_TransportationL,or_src_id,-1,-1;emsn_id "Activation Code" true true false 50 Text 0 0 ,First,#,E:\EMSN_2024\EMSNXXX-FlooRiskAssess_Romania\07_ProduccPhase\Avances\Delivery\2_Geodeliverables\1_GDB\EMSN193_FLEX_UTM35N_v01.gdb\Products\P01_REF_TransportationL,emsn_id,-1,-1;fwc_type "Framework Contract Type" true true false 10 Text 0 0 ,First,#,E:\EMSN_2024\EMSNXXX-FlooRiskAssess_Romania\07_ProduccPhase\Avances\Delivery\2_Geodeliverables\1_GDB\EMSN193_FLEX_UTM35N_v01.gdb\Products\P01_REF_TransportationL,fwc_type,-1,-1;aoi_id "AOI Id" true true false 50 Text 0 0 ,First,#,E:\EMSN_2024\EMSNXXX-FlooRiskAssess_Romania\07_ProduccPhase\Avances\Delivery\2_Geodeliverables\1_GDB\EMSN193_FLEX_UTM35N_v01.gdb\Products\P01_REF_TransportationL,aoi_id,-1,-1;name "AOI name" true true false 50 Text 0 0 ,First,#,E:\EMSN_2024\EMSNXXX-FlooRiskAssess_Romania\07_ProduccPhase\Avances\Delivery\2_Geodeliverables\1_GDB\EMSN193_FLEX_UTM35N_v01.gdb\Products\P01_REF_TransportationL,name,-1,-1;country "Country" true true false 100 Text 0 0 ,First,#,E:\EMSN_2024\EMSNXXX-FlooRiskAssess_Romania\07_ProduccPhase\Avances\Delivery\2_Geodeliverables\1_GDB\EMSN193_FLEX_UTM35N_v01.gdb\Products\P01_REF_TransportationL,country,-1,-1;RST "RST" true true false 255 Text 0 0 ,First,#,E:\EMSN_2024\EMSNXXX-FlooRiskAssess_Romania\07_ProduccPhase\Avances\Delivery\2_Geodeliverables\1_GDB\EMSN193_FLEX_UTM35N_v01.gdb\Products\P01_REF_TransportationL,RST,-1,-1;LOC "LOC" true true false 255 Text 0 0 ,First,#,E:\EMSN_2024\EMSNXXX-FlooRiskAssess_Romania\07_ProduccPhase\Avances\Delivery\2_Geodeliverables\1_GDB\EMSN193_FLEX_UTM35N_v01.gdb\Products\P01_REF_TransportationL,LOC,-1,-1" #</Process></lineage><itemProps><itemLocation><linkage Sync="TRUE">file://\\FCANO10A\E$\EMSN_2024\EMSNXXX-FlooRiskAssess_Romania\07_ProduccPhase\Avances\Delivery\2_Geodeliverables\1_GDB\shapes\P01_REF_TransportationL.shp</linkage><protocol Sync="TRUE">Local Area Network</protocol></itemLocation><itemName Sync="TRUE">P01_REF_TransportationL</itemName><imsContentType Sync="TRUE">002</imsContentType><itemSize Sync="TRUE">0.000</itemSize></itemProps><coordRef><type Sync="TRUE">Projected</type><geogcsn Sync="TRUE">GCS_WGS_1984</geogcsn><csUnits Sync="TRUE">Linear Unit: Meter (1.000000)</csUnits><projcsn Sync="TRUE">WGS_1984_UTM_Zone_35N</projcsn><peXml Sync="TRUE">&lt;ProjectedCoordinateSystem xsi:type='typens:ProjectedCoordinateSystem' xmlns:xsi='http://www.w3.org/2001/XMLSchema-instance' xmlns:xs='http://www.w3.org/2001/XMLSchema' xmlns:typens='http://www.esri.com/schemas/ArcGIS/10.5'&gt;&lt;WKT&gt;PROJCS[&amp;quot;WGS_1984_UTM_Zone_35N&amp;quot;,GEOGCS[&amp;quot;GCS_WGS_1984&amp;quot;,DATUM[&amp;quot;D_WGS_1984&amp;quot;,SPHEROID[&amp;quot;WGS_1984&amp;quot;,6378137.0,298.257223563]],PRIMEM[&amp;quot;Greenwich&amp;quot;,0.0],UNIT[&amp;quot;Degree&amp;quot;,0.0174532925199433]],PROJECTION[&amp;quot;Transverse_Mercator&amp;quot;],PARAMETER[&amp;quot;False_Easting&amp;quot;,500000.0],PARAMETER[&amp;quot;False_Northing&amp;quot;,0.0],PARAMETER[&amp;quot;Central_Meridian&amp;quot;,27.0],PARAMETER[&amp;quot;Scale_Factor&amp;quot;,0.9996],PARAMETER[&amp;quot;Latitude_Of_Origin&amp;quot;,0.0],UNIT[&amp;quot;Meter&amp;quot;,1.0],AUTHORITY[&amp;quot;EPSG&amp;quot;,32635]]&lt;/WKT&gt;&lt;XOrigin&gt;-5120900&lt;/XOrigin&gt;&lt;YOrigin&gt;-9998100&lt;/YOrigin&gt;&lt;XYScale&gt;450445547.3910538&lt;/XYScale&gt;&lt;ZOrigin&gt;-100000&lt;/ZOrigin&gt;&lt;ZScale&gt;10000&lt;/ZScale&gt;&lt;MOrigin&gt;-100000&lt;/MOrigin&gt;&lt;MScale&gt;10000&lt;/MScale&gt;&lt;XYTolerance&gt;0.001&lt;/XYTolerance&gt;&lt;ZTolerance&gt;0.001&lt;/ZTolerance&gt;&lt;MTolerance&gt;0.001&lt;/MTolerance&gt;&lt;HighPrecision&gt;true&lt;/HighPrecision&gt;&lt;WKID&gt;32635&lt;/WKID&gt;&lt;LatestWKID&gt;32635&lt;/LatestWKID&gt;&lt;/ProjectedCoordinateSystem&gt;</peXml></coordRef></DataProperties><SyncDate>20240710</SyncDate><SyncTime>12580400</SyncTime><ModDate>20240710</ModDate><ModTime>12580400</ModTime></Esri><dataIdInfo><envirDesc Sync="TRUE"> Version 6.2 (Build 9200) ; Esri ArcGIS 10.5.1.7333</envirDesc><dataLang><languageCode value="spa" Sync="TRUE"></languageCode><countryCode value="ESP" Sync="TRUE"></countryCode></dataLang><idCitation><resTitle Sync="TRUE">P01_REF_TransportationL</resTitle><presForm><PresFormCd value="005" Sync="TRUE"></PresFormCd></presForm></idCitation><spatRpType><SpatRepTypCd value="001" Sync="TRUE"></SpatRepTypCd></spatRpType></dataIdInfo><mdLang><languageCode value="spa" Sync="TRUE"></languageCode><countryCode value="ESP" Sync="TRUE"></countryCode></mdLang><distInfo><distFormat><formatName Sync="TRUE">Shapefile</formatName></distFormat><distTranOps><transSize Sync="TRUE">0.000</transSize></distTranOps></distInfo><mdHrLv><ScopeCd value="005" Sync="TRUE"></ScopeCd></mdHrLv><mdHrLvName Sync="TRUE">dataset</mdHrLvName><refSysInfo><RefSystem><refSysID><identCode code="32635" Sync="TRUE"></identCode><idCodeSpace Sync="TRUE">EPSG</idCodeSpace><idVersion Sync="TRUE">7.1(3.0.1)</idVersion></refSysID></RefSystem></refSysInfo><spatRepInfo><VectSpatRep><geometObjs Name="P01_REF_TransportationL"><geoObjTyp><GeoObjTypCd value="002" Sync="TRUE"></GeoObjTypCd></geoObjTyp><geoObjCnt Sync="TRUE">0</geoObjCnt></geometObjs><topLvl><TopoLevCd value="001" Sync="TRUE"></TopoLevCd></topLvl></VectSpatRep></spatRepInfo><spdoinfo><ptvctinf><esriterm Name="P01_REF_TransportationL"><efeatyp Sync="TRUE">Simple</efeatyp><efeageom code="3" Sync="TRUE"></efeageom><esritopo Sync="TRUE">FALSE</esritopo><efeacnt Sync="TRUE">0</efeacnt><spindex Sync="TRUE">FALSE</spindex><linrefer Sync="TRUE">FALSE</linrefer></esriterm></ptvctinf></spdoinfo><eainfo><detailed Name="P01_REF_TransportationL"><enttyp><enttypl Sync="TRUE">P01_REF_TransportationL</enttypl><enttypt Sync="TRUE">Feature Class</enttypt><enttypc Sync="TRUE">0</enttypc></enttyp><attr><attrlabl Sync="TRUE">FID</attrlabl><attalias Sync="TRUE">FID</attalias><attrtype Sync="TRUE">OID</attrtype><attwidth Sync="TRUE">4</attwidth><atprecis Sync="TRUE">0</atprecis><attscale Sync="TRUE">0</attscale><attrdef Sync="TRUE">Internal feature number.</attrdef><attrdefs Sync="TRUE">Esri</attrdefs><attrdomv><udom Sync="TRUE">Sequential unique whole numbers that are automatically generated.</udom></attrdomv></attr><attr><attrlabl Sync="TRUE">Shape</attrlabl><attalias Sync="TRUE">Shape</attalias><attrtype Sync="TRUE">Geometry</attrtype><attwidth Sync="TRUE">0</attwidth><atprecis Sync="TRUE">0</atprecis><attscale Sync="TRUE">0</attscale><attrdef Sync="TRUE">Feature geometry.</attrdef><attrdefs Sync="TRUE">Esri</attrdefs><attrdomv><udom Sync="TRUE">Coordinates defining the features.</udom></attrdomv></attr><attr><attrlabl Sync="TRUE">obj_type</attrlabl><attalias Sync="TRUE">obj_type</attalias><attrtype Sync="TRUE">String</attrtype><attwidth Sync="TRUE">254</attwidth><atprecis Sync="TRUE">0</atprecis><attscale Sync="TRUE">0</attscale></attr><attr><attrlabl Sync="TRUE">info</attrlabl><attalias Sync="TRUE">info</attalias><attrtype Sync="TRUE">String</attrtype><attwidth Sync="TRUE">254</attwidth><atprecis Sync="TRUE">0</atprecis><attscale Sync="TRUE">0</attscale></attr><attr><attrlabl Sync="TRUE">NAM</attrlabl><attalias Sync="TRUE">NAM</attalias><attrtype Sync="TRUE">String</attrtype><attwidth Sync="TRUE">100</attwidth><atprecis Sync="TRUE">0</atprecis><attscale Sync="TRUE">0</attscale></attr><attr><attrlabl Sync="TRUE">FUN</attrlabl><attalias Sync="TRUE">FUN</attalias><attrtype Sync="TRUE">String</attrtype><attwidth Sync="TRUE">254</attwidth><atprecis Sync="TRUE">0</atprecis><attscale Sync="TRUE">0</attscale></attr><attr><attrlabl Sync="TRUE">det_method</attrlabl><attalias Sync="TRUE">det_method</attalias><attrtype Sync="TRUE">String</attrtype><attwidth Sync="TRUE">254</attwidth><atprecis Sync="TRUE">0</atprecis><attscale Sync="TRUE">0</attscale></attr><attr><attrlabl Sync="TRUE">or_src_id</attrlabl><attalias Sync="TRUE">or_src_id</attalias><attrtype Sync="TRUE">String</attrtype><attwidth Sync="TRUE">50</attwidth><atprecis Sync="TRUE">0</atprecis><attscale Sync="TRUE">0</attscale></attr><attr><attrlabl Sync="TRUE">emsn_id</attrlabl><attalias Sync="TRUE">emsn_id</attalias><attrtype Sync="TRUE">String</attrtype><attwidth Sync="TRUE">50</attwidth><atprecis Sync="TRUE">0</atprecis><attscale Sync="TRUE">0</attscale></attr><attr><attrlabl Sync="TRUE">fwc_type</attrlabl><attalias Sync="TRUE">fwc_type</attalias><attrtype Sync="TRUE">String</attrtype><attwidth Sync="TRUE">10</attwidth><atprecis Sync="TRUE">0</atprecis><attscale Sync="TRUE">0</attscale></attr><attr><attrlabl Sync="TRUE">aoi_id</attrlabl><attalias Sync="TRUE">aoi_id</attalias><attrtype Sync="TRUE">String</attrtype><attwidth Sync="TRUE">50</attwidth><atprecis Sync="TRUE">0</atprecis><attscale Sync="TRUE">0</attscale></attr><attr><attrlabl Sync="TRUE">name</attrlabl><attalias Sync="TRUE">name</attalias><attrtype Sync="TRUE">String</attrtype><attwidth Sync="TRUE">50</attwidth><atprecis Sync="TRUE">0</atprecis><attscale Sync="TRUE">0</attscale></attr><attr><attrlabl Sync="TRUE">country</attrlabl><attalias Sync="TRUE">country</attalias><attrtype Sync="TRUE">String</attrtype><attwidth Sync="TRUE">100</attwidth><atprecis Sync="TRUE">0</atprecis><attscale Sync="TRUE">0</attscale></attr><attr><attrlabl Sync="TRUE">RST</attrlabl><attalias Sync="TRUE">RST</attalias><attrtype Sync="TRUE">String</attrtype><attwidth Sync="TRUE">254</attwidth><atprecis Sync="TRUE">0</atprecis><attscale Sync="TRUE">0</attscale></attr><attr><attrlabl Sync="TRUE">LOC</attrlabl><attalias Sync="TRUE">LOC</attalias><attrtype Sync="TRUE">String</attrtype><attwidth Sync="TRUE">254</attwidth><atprecis Sync="TRUE">0</atprecis><attscale Sync="TRUE">0</attscale></attr></detailed></eainfo><mdDateSt Sync="TRUE">20240710</mdDateSt></metadata>
