<metadata xml:lang="en"><Esri><CreaDate>20240624</CreaDate><CreaTime>16505500</CreaTime><ArcGISFormat>1.0</ArcGISFormat><SyncOnce>FALSE</SyncOnce><DataProperties><lineage><Process ToolSource="c:\program files (x86)\arcgis\desktop10.8\ArcToolbox\Toolboxes\Data Management Tools.tbx\CalculateField" Date="20230504" Time="092807">CalculateField neueLayer\Reference\builtupA or_src_id 994 VB #</Process><Process ToolSource="c:\program files (x86)\arcgis\desktop10.8\ArcToolbox\Toolboxes\Data Management Tools.tbx\CalculateField" Date="20230504" Time="092846">CalculateField neueLayer\Reference\builtupA emsn_id "EMSN148" VB #</Process><Process ToolSource="c:\program files (x86)\arcgis\desktop10.8\ArcToolbox\Toolboxes\Data Management Tools.tbx\CalculateField" Date="20230504" Time="092904">CalculateField neueLayer\Reference\builtupA aoi_id 01 VB #</Process><Process ToolSource="c:\program files (x86)\arcgis\desktop10.8\ArcToolbox\Toolboxes\Data Management Tools.tbx\CalculateField" Date="20230504" Time="092934">CalculateField neueLayer\Reference\builtupA name "Balsa del Pulguer" VB #</Process><Process ToolSource="c:\program files (x86)\arcgis\desktop10.8\ArcToolbox\Toolboxes\Data Management Tools.tbx\CalculateField" Date="20230504" Time="093009">CalculateField neueLayer\Reference\builtupA country "Spain" VB #</Process><Process ToolSource="c:\program files (x86)\arcgis\desktop10.4\ArcToolbox\Toolboxes\Data Management Tools.tbx\CalculateField" Date="20230509" Time="102758">CalculateField settlementA aoi_id "01" VB #</Process><Process ToolSource="c:\program files (x86)\arcgis\desktop10.4\ArcToolbox\Toolboxes\Conversion Tools.tbx\FeatureClassToFeatureClass" Date="20231215" Time="101421">FeatureClassToFeatureClass EMSN148_REF\EMSN148_FLEX_AOI01_Buildings_v01 C:\GMV\Projects\On-going\EMS-RapidMapping\10_WORK\99_SVN\00_FLEX\EMSN183_FireSpain\05_Production\EMSN183_FLEX_UTM30N_V01_20231214.gdb\Reference buildingsA # "obj_type "Subtype (Element type)" true true false 4 Long 0 0 ,First,#,EMSN148_REF\EMSN148_FLEX_AOI01_Buildings_v01,obj_type,-1,-1;info "Ancillary attribute" true true false 4 Long 0 0 ,First,#,EMSN148_REF\EMSN148_FLEX_AOI01_Buildings_v01,info,-1,-1;NAM "Name" true true false 80 Text 0 0 ,First,#,EMSN148_REF\EMSN148_FLEX_AOI01_Buildings_v01,NAM,-1,-1;FUN "Condition of Facility" true true false 4 Long 0 0 ,First,#,EMSN148_REF\EMSN148_FLEX_AOI01_Buildings_v01,FUN,-1,-1;det_method "Determination Method" true true false 50 Text 0 0 ,First,#,EMSN148_REF\EMSN148_FLEX_AOI01_Buildings_v01,det_method,-1,-1;or_src_id "Origin Source Identifier" true true false 50 Text 0 0 ,First,#,EMSN148_REF\EMSN148_FLEX_AOI01_Buildings_v01,or_src_id,-1,-1;emsn_id "Activation Code" true true false 50 Text 0 0 ,First,#,EMSN148_REF\EMSN148_FLEX_AOI01_Buildings_v01,emsn_id,-1,-1;fwc_type "Framework Contract Type" true true false 10 Text 0 0 ,First,#,EMSN148_REF\EMSN148_FLEX_AOI01_Buildings_v01,fwc_type,-1,-1;aoi_id "AOI Id" true true false 50 Text 0 0 ,First,#,EMSN148_REF\EMSN148_FLEX_AOI01_Buildings_v01,aoi_id,-1,-1;name "AOI name" true true false 50 Text 0 0 ,First,#,EMSN148_REF\EMSN148_FLEX_AOI01_Buildings_v01,name,-1,-1;country "Country" true true false 100 Text 0 0 ,First,#,EMSN148_REF\EMSN148_FLEX_AOI01_Buildings_v01,country,-1,-1;Shape_Length "Shape_Length" false true true 8 Double 0 0 ,First,#,EMSN148_REF\EMSN148_FLEX_AOI01_Buildings_v01,Shape_Length,-1,-1;Shape_Area "Shape_Area" false true true 8 Double 0 0 ,First,#,EMSN148_REF\EMSN148_FLEX_AOI01_Buildings_v01,Shape_Area,-1,-1" #</Process><Process ToolSource="c:\program files (x86)\arcgis\desktop10.4\ArcToolbox\Toolboxes\Data Management Tools.tbx\Append" Date="20231215" Time="101734">Append BTN\BTN_EDIFICIOS_Merge buildingsA NO_TEST "obj_type "Subtype (Element type)" true true false 4 Long 0 0 ,First,#;info "Ancillary attribute" true true false 4 Long 0 0 ,First,#;NAM "Name" true true false 80 Text 0 0 ,First,#,BTN\BTN_EDIFICIOS_Merge,NOMBRE,-1,-1;FUN "Condition of Facility" true true false 4 Long 0 0 ,First,#;det_method "Determination Method" true true false 50 Text 0 0 ,First,#;or_src_id "Origin Source Identifier" true true false 50 Text 0 0 ,First,#;emsn_id "Activation Code" true true false 50 Text 0 0 ,First,#;fwc_type "Framework Contract Type" true true false 10 Text 0 0 ,First,#;aoi_id "AOI Id" true true false 50 Text 0 0 ,First,#;name "AOI name" true true false 50 Text 0 0 ,First,#;country "Country" true true false 100 Text 0 0 ,First,#;Shape_Length "Shape_Length" false true true 8 Double 0 0 ,First,#;Shape_Area "Shape_Area" false true true 8 Double 0 0 ,First,#,BTN\BTN_EDIFICIOS_Merge,Shape_Area,-1,-1" #</Process><Process ToolSource="c:\program files (x86)\arcgis\desktop10.4\ArcToolbox\Toolboxes\Data Management Tools.tbx\Append" Date="20231220" Time="103409">Append buildingsA_FINAL buildingsA NO_TEST "obj_type "Subtype (Element type)" true true false 4 Long 0 0 ,First,#,buildingsA_FINAL,obj_type,-1,-1;info "Ancillary attribute" true true false 4 Long 0 0 ,First,#,buildingsA_FINAL,info,-1,-1;NAM "Name" true true false 80 Text 0 0 ,First,#,buildingsA_FINAL,NAM,-1,-1;FUN "Condition of Facility" true true false 4 Long 0 0 ,First,#,buildingsA_FINAL,FUN,-1,-1;det_method "Determination Method" true true false 50 Text 0 0 ,First,#,buildingsA_FINAL,det_method,-1,-1;or_src_id "Origin Source Identifier" true true false 50 Text 0 0 ,First,#,buildingsA_FINAL,or_src_id,-1,-1;emsn_id "Activation Code" true true false 50 Text 0 0 ,First,#,buildingsA_FINAL,emsn_id,-1,-1;fwc_type "Framework Contract Type" true true false 10 Text 0 0 ,First,#,buildingsA_FINAL,fwc_type,-1,-1;aoi_id "AOI Id" true true false 50 Text 0 0 ,First,#,buildingsA_FINAL,aoi_id,-1,-1;name "AOI name" true true false 50 Text 0 0 ,First,#,buildingsA_FINAL,name,-1,-1;country "Country" true true false 100 Text 0 0 ,First,#,buildingsA_FINAL,country,-1,-1;Shape_Length "Shape_Length" false true true 8 Double 0 0 ,First,#,buildingsA_FINAL,Shape_Length,-1,-1;Shape_Area "Shape_Area" false true true 8 Double 0 0 ,First,#,buildingsA_FINAL,Shape_Area,-1,-1" #</Process><Process ToolSource="c:\program files (x86)\arcgis\desktop10.4\ArcToolbox\Toolboxes\Data Management Tools.tbx\Append" Date="20231220" Time="103620">Append C:\GMV\Projects\On-going\EMS-RapidMapping\10_WORK\99_SVN\01_PRODUCTION\04_JOLC\EMSN183_FireSpain\P02\buildings\Buildings_Totais\EMSN183_FLEX_UTM30N_V01_20231214.gdb\Reference\buildingsA buildingsA NO_TEST "obj_type "Subtype (Element type)" true true false 4 Long 0 0 ,First,#,C:\GMV\Projects\On-going\EMS-RapidMapping\10_WORK\99_SVN\01_PRODUCTION\04_JOLC\EMSN183_FireSpain\P02\buildings\Buildings_Totais\EMSN183_FLEX_UTM30N_V01_20231214.gdb\Reference\buildingsA,obj_type,-1,-1;info "Ancillary attribute" true true false 4 Long 0 0 ,First,#,C:\GMV\Projects\On-going\EMS-RapidMapping\10_WORK\99_SVN\01_PRODUCTION\04_JOLC\EMSN183_FireSpain\P02\buildings\Buildings_Totais\EMSN183_FLEX_UTM30N_V01_20231214.gdb\Reference\buildingsA,info,-1,-1;NAM "Name" true true false 80 Text 0 0 ,First,#,C:\GMV\Projects\On-going\EMS-RapidMapping\10_WORK\99_SVN\01_PRODUCTION\04_JOLC\EMSN183_FireSpain\P02\buildings\Buildings_Totais\EMSN183_FLEX_UTM30N_V01_20231214.gdb\Reference\buildingsA,NAM,-1,-1;FUN "Condition of Facility" true true false 4 Long 0 0 ,First,#,C:\GMV\Projects\On-going\EMS-RapidMapping\10_WORK\99_SVN\01_PRODUCTION\04_JOLC\EMSN183_FireSpain\P02\buildings\Buildings_Totais\EMSN183_FLEX_UTM30N_V01_20231214.gdb\Reference\buildingsA,FUN,-1,-1;det_method "Determination Method" true true false 50 Text 0 0 ,First,#,C:\GMV\Projects\On-going\EMS-RapidMapping\10_WORK\99_SVN\01_PRODUCTION\04_JOLC\EMSN183_FireSpain\P02\buildings\Buildings_Totais\EMSN183_FLEX_UTM30N_V01_20231214.gdb\Reference\buildingsA,det_method,-1,-1;or_src_id "Origin Source Identifier" true true false 50 Text 0 0 ,First,#,C:\GMV\Projects\On-going\EMS-RapidMapping\10_WORK\99_SVN\01_PRODUCTION\04_JOLC\EMSN183_FireSpain\P02\buildings\Buildings_Totais\EMSN183_FLEX_UTM30N_V01_20231214.gdb\Reference\buildingsA,or_src_id,-1,-1;emsn_id "Activation Code" true true false 50 Text 0 0 ,First,#,C:\GMV\Projects\On-going\EMS-RapidMapping\10_WORK\99_SVN\01_PRODUCTION\04_JOLC\EMSN183_FireSpain\P02\buildings\Buildings_Totais\EMSN183_FLEX_UTM30N_V01_20231214.gdb\Reference\buildingsA,emsn_id,-1,-1;fwc_type "Framework Contract Type" true true false 10 Text 0 0 ,First,#,C:\GMV\Projects\On-going\EMS-RapidMapping\10_WORK\99_SVN\01_PRODUCTION\04_JOLC\EMSN183_FireSpain\P02\buildings\Buildings_Totais\EMSN183_FLEX_UTM30N_V01_20231214.gdb\Reference\buildingsA,fwc_type,-1,-1;aoi_id "AOI Id" true true false 50 Text 0 0 ,First,#,C:\GMV\Projects\On-going\EMS-RapidMapping\10_WORK\99_SVN\01_PRODUCTION\04_JOLC\EMSN183_FireSpain\P02\buildings\Buildings_Totais\EMSN183_FLEX_UTM30N_V01_20231214.gdb\Reference\buildingsA,aoi_id,-1,-1;name "AOI name" true true false 50 Text 0 0 ,First,#,C:\GMV\Projects\On-going\EMS-RapidMapping\10_WORK\99_SVN\01_PRODUCTION\04_JOLC\EMSN183_FireSpain\P02\buildings\Buildings_Totais\EMSN183_FLEX_UTM30N_V01_20231214.gdb\Reference\buildingsA,name,-1,-1;country "Country" true true false 100 Text 0 0 ,First,#,C:\GMV\Projects\On-going\EMS-RapidMapping\10_WORK\99_SVN\01_PRODUCTION\04_JOLC\EMSN183_FireSpain\P02\buildings\Buildings_Totais\EMSN183_FLEX_UTM30N_V01_20231214.gdb\Reference\buildingsA,country,-1,-1;Shape_Length "Shape_Length" false true true 8 Double 0 0 ,First,#,C:\GMV\Projects\On-going\EMS-RapidMapping\10_WORK\99_SVN\01_PRODUCTION\04_JOLC\EMSN183_FireSpain\P02\buildings\Buildings_Totais\EMSN183_FLEX_UTM30N_V01_20231214.gdb\Reference\buildingsA,Shape_Length,-1,-1;Shape_Area "Shape_Area" false true true 8 Double 0 0 ,First,#,C:\GMV\Projects\On-going\EMS-RapidMapping\10_WORK\99_SVN\01_PRODUCTION\04_JOLC\EMSN183_FireSpain\P02\buildings\Buildings_Totais\EMSN183_FLEX_UTM30N_V01_20231214.gdb\Reference\buildingsA,Shape_Area,-1,-1" #</Process><Process ToolSource="c:\program files (x86)\arcgis\desktop10.4\ArcToolbox\Toolboxes\Analysis Tools.tbx\Identity" Date="20240104" Time="223913">Identity buildingsA EMSN183_FLEX_AOI01_P01FDG_FireGrading_v01 C:\Users\smcl\Documents\ArcGIS\Default.gdb\buildingsA_Identity1 ALL # NO_RELATIONSHIPS</Process><Process ToolSource="c:\program files (x86)\arcgis\desktop10.4\ArcToolbox\Toolboxes\Data Management Tools.tbx\CalculateField" Date="20240105" Time="092127">CalculateField P02IMA_Buildings_A or_src_id "1" VB #</Process><Process ToolSource="c:\program files (x86)\arcgis\desktop10.4\ArcToolbox\Toolboxes\Data Management Tools.tbx\CalculateField" Date="20240105" Time="092926">CalculateField P02IMA_Buildings_A obj_type "Buildings" VB #</Process><Process ToolSource="c:\program files (x86)\arcgis\desktop10.4\ArcToolbox\Toolboxes\Data Management Tools.tbx\DeleteIdentical" Date="20240105" Time="165942">DeleteIdentical P02_Done\P02IMA_Buildings_A Shape;obj_type;info # 0</Process><Process ToolSource="c:\program files (x86)\arcgis\desktop10.4\ArcToolbox\Toolboxes\Data Management Tools.tbx\AddField" Date="20240109" Time="103056">AddField C:\99_SVN\00_FLEX\EMSN183_FireSpain\05_Production\EMSN183_FLEX_UTM30N_V01_20240105.gdb\Products\P02IMA_Buildings_A area_ha DOUBLE # # # "Area hectares" NULLABLE NON_REQUIRED #</Process><Process ToolSource="c:\program files\arcgis\pro\Resources\ArcToolbox\toolboxes\Data Management Tools.tbx\UpdateSchema" Date="20240621" Time="101431">UpdateSchema "CIMDATA=&lt;CIMFeatureDatasetDataConnection xsi:type='typens:CIMFeatureDatasetDataConnection' xmlns:xsi='http://www.w3.org/2001/XMLSchema-instance' xmlns:xs='http://www.w3.org/2001/XMLSchema' xmlns:typens='http://www.esri.com/schemas/ArcGIS/3.2.0'&gt;&lt;FeatureDataset&gt;Products&lt;/FeatureDataset&gt;&lt;WorkspaceConnectionString&gt;DATABASE=F:\ITE\01_PROYECTOS\RRM_FLEX\Rumania Flood\4_Delivery\2_Geodeliverables\1_GDB\EMSN193_FLEX_UTM35N.gdb&lt;/WorkspaceConnectionString&gt;&lt;WorkspaceFactory&gt;FileGDB&lt;/WorkspaceFactory&gt;&lt;Dataset&gt;P02IMA_BuildingsA&lt;/Dataset&gt;&lt;DatasetType&gt;esriDTFeatureClass&lt;/DatasetType&gt;&lt;/CIMFeatureDatasetDataConnection&gt;" "&lt;operationSequence&gt;&lt;workflow&gt;&lt;AlterField&gt;&lt;field_name&gt;obj_type&lt;/field_name&gt;&lt;field_alias&gt;BUA type (Element type)&lt;/field_alias&gt;&lt;field_is_nullable&gt;True&lt;/field_is_nullable&gt;&lt;clear_field_alias&gt;False&lt;/clear_field_alias&gt;&lt;/AlterField&gt;&lt;/workflow&gt;&lt;workflow&gt;&lt;AssignDomainToField&gt;&lt;field_name&gt;damage_grade&lt;/field_name&gt;&lt;domain_name&gt;ImpAsses&lt;/domain_name&gt;&lt;/AssignDomainToField&gt;&lt;/workflow&gt;&lt;/operationSequence&gt;"</Process><Process ToolSource="c:\program files\arcgis\pro\Resources\ArcToolbox\toolboxes\Data Management Tools.tbx\Rename" Date="20240621" Time="103626">Rename "F:\ITE\01_PROYECTOS\RRM_FLEX\Rumania Flood\4_Delivery\2_Geodeliverables\1_GDB\EMSN193_FLEX_UTM35N.gdb\Products\P02IMA_BuildingsA" "F:\ITE\01_PROYECTOS\RRM_FLEX\Rumania Flood\4_Delivery\2_Geodeliverables\1_GDB\EMSN193_FLEX_UTM35N.gdb\Products\P01_BuildingsA" FeatureClass</Process><Process ToolSource="c:\program files\arcgis\pro\Resources\ArcToolbox\Toolboxes\Data Management Tools.tbx\UpdateSchema" Date="20240621" Time="105037">UpdateSchema "F:\ITE\01_PROYECTOS\RRM_FLEX\Rumania Flood\4_Delivery\2_Geodeliverables\1_GDB\EMSN193_FLEX_UTM35N.gdb\Products\P01_BuildingsA" &lt;operationSequence&gt;&lt;workflow&gt;&lt;RemoveDomainFromField&gt;&lt;field_name&gt;damage_grade&lt;/field_name&gt;&lt;subtype_code&gt;0&lt;/subtype_code&gt;&lt;/RemoveDomainFromField&gt;&lt;/workflow&gt;&lt;workflow&gt;&lt;RemoveDomainFromField&gt;&lt;field_name&gt;damage_grade&lt;/field_name&gt;&lt;subtype_code&gt;1&lt;/subtype_code&gt;&lt;/RemoveDomainFromField&gt;&lt;/workflow&gt;&lt;workflow&gt;&lt;RemoveDomainFromField&gt;&lt;field_name&gt;damage_grade&lt;/field_name&gt;&lt;subtype_code&gt;2&lt;/subtype_code&gt;&lt;/RemoveDomainFromField&gt;&lt;/workflow&gt;&lt;/operationSequence&gt;</Process><Process ToolSource="c:\program files\arcgis\pro\Resources\ArcToolbox\Toolboxes\Data Management Tools.tbx\UpdateSchema" Date="20240621" Time="110151">UpdateSchema "CIMDATA=&lt;CIMFeatureDatasetDataConnection xsi:type='typens:CIMFeatureDatasetDataConnection' xmlns:xsi='http://www.w3.org/2001/XMLSchema-instance' xmlns:xs='http://www.w3.org/2001/XMLSchema' xmlns:typens='http://www.esri.com/schemas/ArcGIS/3.2.0'&gt;&lt;FeatureDataset&gt;Products&lt;/FeatureDataset&gt;&lt;WorkspaceConnectionString&gt;DATABASE=F:\ITE\01_PROYECTOS\RRM_FLEX\Rumania Flood\4_Delivery\2_Geodeliverables\1_GDB\EMSN193_FLEX_UTM35N.gdb&lt;/WorkspaceConnectionString&gt;&lt;WorkspaceFactory&gt;FileGDB&lt;/WorkspaceFactory&gt;&lt;Dataset&gt;P01_BuildingsA&lt;/Dataset&gt;&lt;DatasetType&gt;esriDTFeatureClass&lt;/DatasetType&gt;&lt;/CIMFeatureDatasetDataConnection&gt;" "&lt;operationSequence&gt;&lt;workflow&gt;&lt;AlterField&gt;&lt;field_name&gt;damage_grade&lt;/field_name&gt;&lt;new_field_name&gt;imp_assess&lt;/new_field_name&gt;&lt;field_alias&gt;Flood Impact Assessment&lt;/field_alias&gt;&lt;field_is_nullable&gt;True&lt;/field_is_nullable&gt;&lt;clear_field_alias&gt;False&lt;/clear_field_alias&gt;&lt;/AlterField&gt;&lt;/workflow&gt;&lt;/operationSequence&gt;"</Process><Process ToolSource="c:\program files\arcgis\pro\Resources\ArcToolbox\Toolboxes\Data Management Tools.tbx\Rename" Date="20240624" Time="170444">Rename "F:\ITE\01_PROYECTOS\RRM_FLEX\Rumania Flood\4_Delivery\2_Geodeliverables\1_GDB\EMSN193_FLEX_UTM35N_MG.gdb\Products_UTM35N\P01_BuildingsA_1" "F:\ITE\01_PROYECTOS\RRM_FLEX\Rumania Flood\4_Delivery\2_Geodeliverables\1_GDB\EMSN193_FLEX_UTM35N_MG.gdb\Products_UTM35N\P01_BuildingsA" FeatureClass</Process><Process ToolSource="c:\program files\arcgis\pro\Resources\ArcToolbox\Toolboxes\Data Management Tools.tbx\UpdateSchema" Date="20240625" Time="151701">UpdateSchema "CIMDATA=&lt;CIMFeatureDatasetDataConnection xsi:type='typens:CIMFeatureDatasetDataConnection' xmlns:xsi='http://www.w3.org/2001/XMLSchema-instance' xmlns:xs='http://www.w3.org/2001/XMLSchema' xmlns:typens='http://www.esri.com/schemas/ArcGIS/3.2.0'&gt;&lt;FeatureDataset&gt;Products_UTM35N&lt;/FeatureDataset&gt;&lt;WorkspaceConnectionString&gt;DATABASE=F:\ITE\01_PROYECTOS\RRM_FLEX\Rumania Flood\4_Delivery\2_Geodeliverables\1_GDB\EMSN193_FLEX_UTM35N_MG.gdb&lt;/WorkspaceConnectionString&gt;&lt;WorkspaceFactory&gt;FileGDB&lt;/WorkspaceFactory&gt;&lt;Dataset&gt;P01_BuildingsA&lt;/Dataset&gt;&lt;DatasetType&gt;esriDTFeatureClass&lt;/DatasetType&gt;&lt;/CIMFeatureDatasetDataConnection&gt;" &lt;operationSequence&gt;&lt;workflow&gt;&lt;AssignDomainToField&gt;&lt;field_name&gt;FUN&lt;/field_name&gt;&lt;domain_name&gt;built_up_info_1_1&lt;/domain_name&gt;&lt;/AssignDomainToField&gt;&lt;AssignDefaultToField&gt;&lt;field_name&gt;FUN&lt;/field_name&gt;&lt;clear_value&gt;True&lt;/clear_value&gt;&lt;/AssignDefaultToField&gt;&lt;/workflow&gt;&lt;/operationSequence&gt;</Process><Process ToolSource="c:\program files\arcgis\pro\Resources\ArcToolbox\Toolboxes\Data Management Tools.tbx\UpdateSchema" Date="20240625" Time="152910">UpdateSchema "CIMDATA=&lt;CIMFeatureDatasetDataConnection xsi:type='typens:CIMFeatureDatasetDataConnection' xmlns:xsi='http://www.w3.org/2001/XMLSchema-instance' xmlns:xs='http://www.w3.org/2001/XMLSchema' xmlns:typens='http://www.esri.com/schemas/ArcGIS/3.2.0'&gt;&lt;FeatureDataset&gt;Products_UTM35N&lt;/FeatureDataset&gt;&lt;WorkspaceConnectionString&gt;DATABASE=F:\ITE\01_PROYECTOS\RRM_FLEX\Rumania Flood\4_Delivery\2_Geodeliverables\1_GDB\EMSN193_FLEX_UTM35N_MG.gdb&lt;/WorkspaceConnectionString&gt;&lt;WorkspaceFactory&gt;FileGDB&lt;/WorkspaceFactory&gt;&lt;Dataset&gt;P01_BuildingsA&lt;/Dataset&gt;&lt;DatasetType&gt;esriDTFeatureClass&lt;/DatasetType&gt;&lt;/CIMFeatureDatasetDataConnection&gt;" &lt;operationSequence&gt;&lt;workflow&gt;&lt;AlterField&gt;&lt;field_name&gt;FUN&lt;/field_name&gt;&lt;new_field_name&gt;FUC&lt;/new_field_name&gt;&lt;field_alias&gt;Function&lt;/field_alias&gt;&lt;field_is_nullable&gt;True&lt;/field_is_nullable&gt;&lt;clear_field_alias&gt;False&lt;/clear_field_alias&gt;&lt;/AlterField&gt;&lt;/workflow&gt;&lt;/operationSequence&gt;</Process><Process ToolSource="c:\program files\arcgis\pro\Resources\ArcToolbox\toolboxes\Data Management Tools.tbx\UpdateSchema" Date="20240625" Time="154201">UpdateSchema "F:\ITE\01_PROYECTOS\RRM_FLEX\Rumania Flood\4_Delivery\2_Geodeliverables\1_GDB\EMSN193_FLEX_UTM35N_MG.gdb\Products_UTM35N\P01_BuildingsA" &lt;operationSequence&gt;&lt;workflow&gt;&lt;AssignDomainToField&gt;&lt;field_name&gt;FUC&lt;/field_name&gt;&lt;domain_name&gt;built_up_info_1_1&lt;/domain_name&gt;&lt;subtype_code&gt;2&lt;/subtype_code&gt;&lt;/AssignDomainToField&gt;&lt;AssignDefaultToField&gt;&lt;field_name&gt;FUC&lt;/field_name&gt;&lt;clear_value&gt;True&lt;/clear_value&gt;&lt;subtype_code&gt;2&lt;/subtype_code&gt;&lt;/AssignDefaultToField&gt;&lt;/workflow&gt;&lt;workflow&gt;&lt;AssignDefaultToField&gt;&lt;field_name&gt;emsn_id&lt;/field_name&gt;&lt;default_value&gt;EMSN193&lt;/default_value&gt;&lt;subtype_code&gt;2&lt;/subtype_code&gt;&lt;/AssignDefaultToField&gt;&lt;/workflow&gt;&lt;/operationSequence&gt;</Process><Process ToolSource="c:\program files\arcgis\pro\Resources\ArcToolbox\toolboxes\Data Management Tools.tbx\Append" Date="20240625" Time="154255">Append P1_Buildings_v2_topo_mmu "F:\ITE\01_PROYECTOS\RRM_FLEX\Rumania Flood\4_Delivery\2_Geodeliverables\1_GDB\EMSN193_FLEX_UTM35N_MG.gdb\Products_UTM35N\P01_BuildingsA" "Use the field map to reconcile field differences" "obj_type "BUA type (Element type)" true true false 4 Long 0 0,First,#;info "Ancillary attribute" true true false 4 Long 0 0,First,#;NAM "Name" true true false 80 Text 0 0,First,#,P1_Buildings_v2_topo_mmu,Attribute,0,49;FUC "Function" true true false 4 Long 0 0,First,#;det_method "Determination Method" true true false 50 Text 0 0,First,#;or_src_id "Origin Source Identifier" true true false 50 Text 0 0,First,#;emsn_id "Activation Code" true true false 50 Text 0 0,First,#;fwc_type "Framework Contract Type" true true false 10 Text 0 0,First,#;aoi_id "AOI Id" true true false 50 Text 0 0,First,#;name "AOI name" true true false 50 Text 0 0,First,#;country "Country" true true false 100 Text 0 0,First,#;imp_assess "Flood Impact Assessment" true true false 2 Short 0 0,First,#;dmg_src_id "Damage Source Identifier" true true false 50 Text 0 0,First,#;area_ha "Area hectares" true true false 8 Double 0 0,First,#" Building # # NOT_UPDATE_GEOMETRY</Process><Process ToolSource="c:\program files\arcgis\pro\Resources\ArcToolbox\toolboxes\Data Management Tools.tbx\CalculateField" Date="20240625" Time="154608">CalculateField P01_BuildingsA FUC 11 Python # Text NO_ENFORCE_DOMAINS</Process><Process ToolSource="c:\program files\arcgis\pro\Resources\ArcToolbox\toolboxes\Data Management Tools.tbx\CalculateField" Date="20240625" Time="154621">CalculateField P01_BuildingsA info 11 Python # Text NO_ENFORCE_DOMAINS</Process><Process ToolSource="c:\program files\arcgis\pro\Resources\ArcToolbox\toolboxes\Data Management Tools.tbx\CalculateField" Date="20240626" Time="101829">CalculateField P01_BuildingsA info 123 Python # Text NO_ENFORCE_DOMAINS</Process><Process ToolSource="c:\program files\arcgis\pro\Resources\ArcToolbox\toolboxes\Data Management Tools.tbx\CalculateField" Date="20240626" Time="101905">CalculateField P01_BuildingsA info 1233 Python # Text NO_ENFORCE_DOMAINS</Process><Process ToolSource="c:\program files\arcgis\pro\Resources\ArcToolbox\toolboxes\Data Management Tools.tbx\CalculateField" Date="20240626" Time="102058">CalculateField P01_BuildingsA info 1264 Python # Text NO_ENFORCE_DOMAINS</Process><Process ToolSource="c:\program files\arcgis\pro\Resources\ArcToolbox\toolboxes\Data Management Tools.tbx\CalculateField" Date="20240626" Time="102254">CalculateField P01_BuildingsA info 1251 Python # Text NO_ENFORCE_DOMAINS</Process><Process ToolSource="c:\program files\arcgis\pro\Resources\ArcToolbox\toolboxes\Data Management Tools.tbx\CalculateField" Date="20240626" Time="102331">CalculateField P01_BuildingsA info 1274 Python # Text NO_ENFORCE_DOMAINS</Process><Process ToolSource="c:\program files\arcgis\pro\Resources\ArcToolbox\toolboxes\Data Management Tools.tbx\CalculateField" Date="20240626" Time="102405">CalculateField P01_BuildingsA info 1231 Python # Text NO_ENFORCE_DOMAINS</Process><Process ToolSource="c:\program files\arcgis\pro\Resources\ArcToolbox\toolboxes\Data Management Tools.tbx\CalculateField" Date="20240626" Time="102438">CalculateField P01_BuildingsA info 1272 Python # Text NO_ENFORCE_DOMAINS</Process><Process ToolSource="c:\program files\arcgis\pro\Resources\ArcToolbox\toolboxes\Data Management Tools.tbx\CalculateField" Date="20240626" Time="102513">CalculateField P01_BuildingsA info 1263 Python # Text NO_ENFORCE_DOMAINS</Process><Process ToolSource="c:\program files\arcgis\pro\Resources\ArcToolbox\toolboxes\Data Management Tools.tbx\CalculateField" Date="20240626" Time="102544">CalculateField P01_BuildingsA info 1252 Python # Text NO_ENFORCE_DOMAINS</Process><Process ToolSource="c:\program files\arcgis\pro\Resources\ArcToolbox\toolboxes\Data Management Tools.tbx\CalculateField" Date="20240626" Time="102628">CalculateField P01_BuildingsA FUC 12 Python # Text NO_ENFORCE_DOMAINS</Process><Process ToolSource="c:\program files\arcgis\pro\Resources\ArcToolbox\toolboxes\Data Management Tools.tbx\CalculateField" Date="20240626" Time="102648">CalculateField P01_BuildingsA NAM None Python # Text NO_ENFORCE_DOMAINS</Process><Process ToolSource="c:\program files\arcgis\pro\Resources\ArcToolbox\toolboxes\Data Management Tools.tbx\CopyFeatures" Date="20240627" Time="144915">CopyFeatures "F:\ITE\01_PROYECTOS\RRM_FLEX\Rumania Flood\4_Delivery\2_Geodeliverables\1_GDB\EMSN193_FLEX_UTM35N_RC.gdb\Products_UTM35N\P01_BuildingsA" "F:\ITE\01_PROYECTOS\RRM_FLEX\Rumania Flood\4_Delivery\2_Geodeliverables\1_GDB\EMSN193_FLEX_UTM35N_MG.gdb\Products_UTM35N\P01_BuildingsA" # # # #</Process><Process ToolSource="c:\program files\arcgis\pro\Resources\ArcToolbox\toolboxes\Data Management Tools.tbx\UpdateSchema" Date="20240627" Time="145519">UpdateSchema "F:\ITE\01_PROYECTOS\RRM_FLEX\Rumania Flood\4_Delivery\2_Geodeliverables\1_GDB\EMSN193_FLEX_UTM35N_MG.gdb\Products_UTM35N\P01_BuildingsA" &lt;operationSequence&gt;&lt;workflow&gt;&lt;AssignDefaultToField&gt;&lt;field_name&gt;obj_type&lt;/field_name&gt;&lt;default_value&gt;2&lt;/default_value&gt;&lt;/AssignDefaultToField&gt;&lt;/workflow&gt;&lt;workflow&gt;&lt;SetSubtypeField&gt;&lt;field_name&gt;obj_type&lt;/field_name&gt;&lt;/SetSubtypeField&gt;&lt;/workflow&gt;&lt;workflow&gt;&lt;AddSubtype&gt;&lt;subtype_code&gt;2&lt;/subtype_code&gt;&lt;/AddSubtype&gt;&lt;/workflow&gt;&lt;workflow&gt;&lt;AssignDomainToField&gt;&lt;field_name&gt;info&lt;/field_name&gt;&lt;domain_name&gt;built_up_info&lt;/domain_name&gt;&lt;subtype_code&gt;2&lt;/subtype_code&gt;&lt;/AssignDomainToField&gt;&lt;/workflow&gt;&lt;workflow&gt;&lt;AssignDomainToField&gt;&lt;field_name&gt;fuc&lt;/field_name&gt;&lt;domain_name&gt;built_up_info_1_1&lt;/domain_name&gt;&lt;subtype_code&gt;2&lt;/subtype_code&gt;&lt;/AssignDomainToField&gt;&lt;/workflow&gt;&lt;workflow&gt;&lt;AssignDomainToField&gt;&lt;field_name&gt;det_method&lt;/field_name&gt;&lt;domain_name&gt;det_method_list&lt;/domain_name&gt;&lt;subtype_code&gt;2&lt;/subtype_code&gt;&lt;/AssignDomainToField&gt;&lt;/workflow&gt;&lt;workflow&gt;&lt;AssignDefaultToField&gt;&lt;field_name&gt;emsn_id&lt;/field_name&gt;&lt;default_value&gt;EMSN193&lt;/default_value&gt;&lt;subtype_code&gt;2&lt;/subtype_code&gt;&lt;/AssignDefaultToField&gt;&lt;/workflow&gt;&lt;workflow&gt;&lt;SetDefaultSubtype&gt;&lt;subtype_code&gt;2&lt;/subtype_code&gt;&lt;/SetDefaultSubtype&gt;&lt;/workflow&gt;&lt;/operationSequence&gt;</Process><Process ToolSource="c:\program files\arcgis\pro\Resources\ArcToolbox\toolboxes\Data Management Tools.tbx\UpdateSchema" Date="20240627" Time="145755">UpdateSchema "F:\ITE\01_PROYECTOS\RRM_FLEX\Rumania Flood\4_Delivery\2_Geodeliverables\1_GDB\EMSN193_FLEX_UTM35N_MG.gdb\Products_UTM35N\P01_BuildingsA" "&lt;operationSequence&gt;&lt;workflow&gt;&lt;RemoveSubtype&gt;&lt;subtype_code&gt;2&lt;/subtype_code&gt;&lt;/RemoveSubtype&gt;&lt;AddSubtype&gt;&lt;subtype_code&gt;0&lt;/subtype_code&gt;&lt;subtype_description&gt;Build-up area&lt;/subtype_description&gt;&lt;/AddSubtype&gt;&lt;/workflow&gt;&lt;workflow&gt;&lt;AssignDomainToField&gt;&lt;field_name&gt;info&lt;/field_name&gt;&lt;domain_name&gt;built_up_info&lt;/domain_name&gt;&lt;subtype_code&gt;0&lt;/subtype_code&gt;&lt;/AssignDomainToField&gt;&lt;/workflow&gt;&lt;workflow&gt;&lt;AssignDomainToField&gt;&lt;field_name&gt;fuc&lt;/field_name&gt;&lt;domain_name&gt;built_up_info_1_1&lt;/domain_name&gt;&lt;subtype_code&gt;0&lt;/subtype_code&gt;&lt;/AssignDomainToField&gt;&lt;/workflow&gt;&lt;workflow&gt;&lt;AssignDomainToField&gt;&lt;field_name&gt;det_method&lt;/field_name&gt;&lt;domain_name&gt;det_method_list&lt;/domain_name&gt;&lt;subtype_code&gt;0&lt;/subtype_code&gt;&lt;/AssignDomainToField&gt;&lt;/workflow&gt;&lt;workflow&gt;&lt;RemoveDomainFromField&gt;&lt;field_name&gt;emsn_id&lt;/field_name&gt;&lt;subtype_code&gt;0&lt;/subtype_code&gt;&lt;/RemoveDomainFromField&gt;&lt;/workflow&gt;&lt;workflow&gt;&lt;RemoveDomainFromField&gt;&lt;field_name&gt;fwc_type&lt;/field_name&gt;&lt;subtype_code&gt;0&lt;/subtype_code&gt;&lt;/RemoveDomainFromField&gt;&lt;/workflow&gt;&lt;workflow&gt;&lt;RemoveDomainFromField&gt;&lt;field_name&gt;name&lt;/field_name&gt;&lt;subtype_code&gt;0&lt;/subtype_code&gt;&lt;/RemoveDomainFromField&gt;&lt;/workflow&gt;&lt;workflow&gt;&lt;AddSubtype&gt;&lt;subtype_code&gt;1&lt;/subtype_code&gt;&lt;subtype_description&gt;Building block&lt;/subtype_description&gt;&lt;/AddSubtype&gt;&lt;/workflow&gt;&lt;workflow&gt;&lt;AssignDomainToField&gt;&lt;field_name&gt;info&lt;/field_name&gt;&lt;domain_name&gt;built_up_info&lt;/domain_name&gt;&lt;subtype_code&gt;1&lt;/subtype_code&gt;&lt;/AssignDomainToField&gt;&lt;/workflow&gt;&lt;workflow&gt;&lt;AssignDomainToField&gt;&lt;field_name&gt;fuc&lt;/field_name&gt;&lt;domain_name&gt;built_up_info_1_1&lt;/domain_name&gt;&lt;subtype_code&gt;1&lt;/subtype_code&gt;&lt;/AssignDomainToField&gt;&lt;/workflow&gt;&lt;workflow&gt;&lt;AddSubtype&gt;&lt;subtype_code&gt;2&lt;/subtype_code&gt;&lt;subtype_description&gt;Building&lt;/subtype_description&gt;&lt;/AddSubtype&gt;&lt;/workflow&gt;&lt;workflow&gt;&lt;RemoveSubtype&gt;&lt;subtype_code&gt;2&lt;/subtype_code&gt;&lt;/RemoveSubtype&gt;&lt;AddSubtype&gt;&lt;subtype_code&gt;2&lt;/subtype_code&gt;&lt;subtype_description&gt;Building&lt;/subtype_description&gt;&lt;/AddSubtype&gt;&lt;/workflow&gt;&lt;workflow&gt;&lt;AssignDomainToField&gt;&lt;field_name&gt;info&lt;/field_name&gt;&lt;domain_name&gt;built_up_info&lt;/domain_name&gt;&lt;subtype_code&gt;2&lt;/subtype_code&gt;&lt;/AssignDomainToField&gt;&lt;/workflow&gt;&lt;workflow&gt;&lt;AssignDomainToField&gt;&lt;field_name&gt;fuc&lt;/field_name&gt;&lt;domain_name&gt;built_up_info_1_1&lt;/domain_name&gt;&lt;subtype_code&gt;2&lt;/subtype_code&gt;&lt;/AssignDomainToField&gt;&lt;/workflow&gt;&lt;workflow&gt;&lt;AssignDomainToField&gt;&lt;field_name&gt;det_method&lt;/field_name&gt;&lt;domain_name&gt;det_method_list&lt;/domain_name&gt;&lt;subtype_code&gt;2&lt;/subtype_code&gt;&lt;/AssignDomainToField&gt;&lt;/workflow&gt;&lt;workflow&gt;&lt;RemoveDomainFromField&gt;&lt;field_name&gt;emsn_id&lt;/field_name&gt;&lt;subtype_code&gt;2&lt;/subtype_code&gt;&lt;/RemoveDomainFromField&gt;&lt;AssignDefaultToField&gt;&lt;field_name&gt;emsn_id&lt;/field_name&gt;&lt;default_value&gt;EMSN193&lt;/default_value&gt;&lt;subtype_code&gt;2&lt;/subtype_code&gt;&lt;/AssignDefaultToField&gt;&lt;/workflow&gt;&lt;workflow&gt;&lt;RemoveDomainFromField&gt;&lt;field_name&gt;fwc_type&lt;/field_name&gt;&lt;subtype_code&gt;2&lt;/subtype_code&gt;&lt;/RemoveDomainFromField&gt;&lt;/workflow&gt;&lt;workflow&gt;&lt;RemoveDomainFromField&gt;&lt;field_name&gt;name&lt;/field_name&gt;&lt;subtype_code&gt;2&lt;/subtype_code&gt;&lt;/RemoveDomainFromField&gt;&lt;/workflow&gt;&lt;/operationSequence&gt;"</Process><Process ToolSource="c:\program files\arcgis\pro\Resources\ArcToolbox\toolboxes\Data Management Tools.tbx\UpdateSchema" Date="20240627" Time="145836">UpdateSchema "F:\ITE\01_PROYECTOS\RRM_FLEX\Rumania Flood\4_Delivery\2_Geodeliverables\1_GDB\EMSN193_FLEX_UTM35N_MG.gdb\Products_UTM35N\P01_BuildingsA" "&lt;operationSequence&gt;&lt;workflow&gt;&lt;AssignDefaultToField&gt;&lt;field_name&gt;emsn_id&lt;/field_name&gt;&lt;default_value&gt;EMSNxxx&lt;/default_value&gt;&lt;subtype_code&gt;1&lt;/subtype_code&gt;&lt;/AssignDefaultToField&gt;&lt;/workflow&gt;&lt;workflow&gt;&lt;AssignDefaultToField&gt;&lt;field_name&gt;fwc_type&lt;/field_name&gt;&lt;default_value&gt;FLEX&lt;/default_value&gt;&lt;subtype_code&gt;1&lt;/subtype_code&gt;&lt;/AssignDefaultToField&gt;&lt;/workflow&gt;&lt;workflow&gt;&lt;AssignDefaultToField&gt;&lt;field_name&gt;name&lt;/field_name&gt;&lt;default_value&gt;AOI name&lt;/default_value&gt;&lt;subtype_code&gt;1&lt;/subtype_code&gt;&lt;/AssignDefaultToField&gt;&lt;/workflow&gt;&lt;workflow&gt;&lt;AssignDefaultToField&gt;&lt;field_name&gt;emsn_id&lt;/field_name&gt;&lt;default_value&gt;EMSNxxx&lt;/default_value&gt;&lt;subtype_code&gt;2&lt;/subtype_code&gt;&lt;/AssignDefaultToField&gt;&lt;/workflow&gt;&lt;workflow&gt;&lt;AssignDefaultToField&gt;&lt;field_name&gt;fwc_type&lt;/field_name&gt;&lt;default_value&gt;FLEX&lt;/default_value&gt;&lt;subtype_code&gt;2&lt;/subtype_code&gt;&lt;/AssignDefaultToField&gt;&lt;/workflow&gt;&lt;workflow&gt;&lt;AssignDefaultToField&gt;&lt;field_name&gt;name&lt;/field_name&gt;&lt;default_value&gt;AOI name&lt;/default_value&gt;&lt;subtype_code&gt;2&lt;/subtype_code&gt;&lt;/AssignDefaultToField&gt;&lt;/workflow&gt;&lt;/operationSequence&gt;"</Process><Process ToolSource="c:\program files\arcgis\pro\Resources\ArcToolbox\toolboxes\Data Management Tools.tbx\Append" Date="20240627" Time="145944">Append 'F:\ITE\01_PROYECTOS\RRM_FLEX\Rumania Flood\4_Delivery\2_Geodeliverables\1_GDB\EMSN193_FLEX_UTM35N_RC.gdb\Products_UTM35N\P01_BuildingsA' "F:\ITE\01_PROYECTOS\RRM_FLEX\Rumania Flood\4_Delivery\2_Geodeliverables\1_GDB\EMSN193_FLEX_UTM35N_MG.gdb\Products_UTM35N\P01_BuildingsA" "Use the field map to reconcile field differences" "obj_type "BUA type (Element type)" true true false 4 Long 0 0,First,#,F:\ITE\01_PROYECTOS\RRM_FLEX\Rumania Flood\4_Delivery\2_Geodeliverables\1_GDB\EMSN193_FLEX_UTM35N_RC.gdb\Products_UTM35N\P01_BuildingsA,obj_type,-1,-1;info "Ancillary attribute" true true false 4 Long 0 0,First,#,F:\ITE\01_PROYECTOS\RRM_FLEX\Rumania Flood\4_Delivery\2_Geodeliverables\1_GDB\EMSN193_FLEX_UTM35N_RC.gdb\Products_UTM35N\P01_BuildingsA,info,-1,-1;NAM "Name" true true false 80 Text 0 0,First,#,F:\ITE\01_PROYECTOS\RRM_FLEX\Rumania Flood\4_Delivery\2_Geodeliverables\1_GDB\EMSN193_FLEX_UTM35N_RC.gdb\Products_UTM35N\P01_BuildingsA,NAM,0,79;FUC "Function" true true false 4 Long 0 0,First,#,F:\ITE\01_PROYECTOS\RRM_FLEX\Rumania Flood\4_Delivery\2_Geodeliverables\1_GDB\EMSN193_FLEX_UTM35N_RC.gdb\Products_UTM35N\P01_BuildingsA,FUC,-1,-1;det_method "Determination Method" true true false 50 Text 0 0,First,#,F:\ITE\01_PROYECTOS\RRM_FLEX\Rumania Flood\4_Delivery\2_Geodeliverables\1_GDB\EMSN193_FLEX_UTM35N_RC.gdb\Products_UTM35N\P01_BuildingsA,det_method,0,49;or_src_id "Origin Source Identifier" true true false 50 Text 0 0,First,#,F:\ITE\01_PROYECTOS\RRM_FLEX\Rumania Flood\4_Delivery\2_Geodeliverables\1_GDB\EMSN193_FLEX_UTM35N_RC.gdb\Products_UTM35N\P01_BuildingsA,or_src_id,0,49;emsn_id "Activation Code" true true false 50 Text 0 0,First,#,F:\ITE\01_PROYECTOS\RRM_FLEX\Rumania Flood\4_Delivery\2_Geodeliverables\1_GDB\EMSN193_FLEX_UTM35N_RC.gdb\Products_UTM35N\P01_BuildingsA,emsn_id,0,49;fwc_type "Framework Contract Type" true true false 10 Text 0 0,First,#,F:\ITE\01_PROYECTOS\RRM_FLEX\Rumania Flood\4_Delivery\2_Geodeliverables\1_GDB\EMSN193_FLEX_UTM35N_RC.gdb\Products_UTM35N\P01_BuildingsA,fwc_type,0,9;aoi_id "AOI Id" true true false 50 Text 0 0,First,#,F:\ITE\01_PROYECTOS\RRM_FLEX\Rumania Flood\4_Delivery\2_Geodeliverables\1_GDB\EMSN193_FLEX_UTM35N_RC.gdb\Products_UTM35N\P01_BuildingsA,aoi_id,0,49;name "AOI name" true true false 50 Text 0 0,First,#,F:\ITE\01_PROYECTOS\RRM_FLEX\Rumania Flood\4_Delivery\2_Geodeliverables\1_GDB\EMSN193_FLEX_UTM35N_RC.gdb\Products_UTM35N\P01_BuildingsA,name,0,49;country "Country" true true false 100 Text 0 0,First,#,F:\ITE\01_PROYECTOS\RRM_FLEX\Rumania Flood\4_Delivery\2_Geodeliverables\1_GDB\EMSN193_FLEX_UTM35N_RC.gdb\Products_UTM35N\P01_BuildingsA,country,0,99;imp_assess "Flood Impact Assessment" true true false 2 Short 0 0,First,#,F:\ITE\01_PROYECTOS\RRM_FLEX\Rumania Flood\4_Delivery\2_Geodeliverables\1_GDB\EMSN193_FLEX_UTM35N_RC.gdb\Products_UTM35N\P01_BuildingsA,imp_assess,-1,-1;dmg_src_id "Damage Source Identifier" true true false 50 Text 0 0,First,#,F:\ITE\01_PROYECTOS\RRM_FLEX\Rumania Flood\4_Delivery\2_Geodeliverables\1_GDB\EMSN193_FLEX_UTM35N_RC.gdb\Products_UTM35N\P01_BuildingsA,dmg_src_id,0,49;area_ha "Area hectares" true true false 8 Double 0 0,First,#,F:\ITE\01_PROYECTOS\RRM_FLEX\Rumania Flood\4_Delivery\2_Geodeliverables\1_GDB\EMSN193_FLEX_UTM35N_RC.gdb\Products_UTM35N\P01_BuildingsA,area_ha,-1,-1" Building # # NOT_UPDATE_GEOMETRY</Process><Process ToolSource="c:\program files\arcgis\pro\Resources\ArcToolbox\toolboxes\Data Management Tools.tbx\Rename" Date="20240627" Time="150445">Rename "F:\ITE\01_PROYECTOS\RRM_FLEX\Rumania Flood\4_Delivery\2_Geodeliverables\1_GDB\EMSN193_FLEX_UTM35N_MG.gdb\Products_UTM35N\P01_BuildingsA" "F:\ITE\01_PROYECTOS\RRM_FLEX\Rumania Flood\4_Delivery\2_Geodeliverables\1_GDB\EMSN193_FLEX_UTM35N_MG.gdb\Products_UTM35N\P01_REF_BuildingsA" FeatureClass</Process><Process ToolSource="c:\program files\arcgis\pro\Resources\ArcToolbox\toolboxes\Data Management Tools.tbx\UpdateSchema" Date="20240627" Time="151348">UpdateSchema "CIMDATA=&lt;CIMFeatureDatasetDataConnection xsi:type='typens:CIMFeatureDatasetDataConnection' xmlns:xsi='http://www.w3.org/2001/XMLSchema-instance' xmlns:xs='http://www.w3.org/2001/XMLSchema' xmlns:typens='http://www.esri.com/schemas/ArcGIS/3.2.0'&gt;&lt;FeatureDataset&gt;Products_UTM35N&lt;/FeatureDataset&gt;&lt;WorkspaceConnectionString&gt;DATABASE=F:\ITE\01_PROYECTOS\RRM_FLEX\Rumania Flood\4_Delivery\2_Geodeliverables\1_GDB\EMSN193_FLEX_UTM35N_MG.gdb&lt;/WorkspaceConnectionString&gt;&lt;WorkspaceFactory&gt;FileGDB&lt;/WorkspaceFactory&gt;&lt;Dataset&gt;P01_REF_BuildingsA&lt;/Dataset&gt;&lt;DatasetType&gt;esriDTFeatureClass&lt;/DatasetType&gt;&lt;/CIMFeatureDatasetDataConnection&gt;" &lt;operationSequence&gt;&lt;workflow&gt;&lt;DeleteField&gt;&lt;field_name&gt;imp_assess&lt;/field_name&gt;&lt;field_name&gt;dmg_src_id&lt;/field_name&gt;&lt;field_name&gt;area_ha&lt;/field_name&gt;&lt;/DeleteField&gt;&lt;/workflow&gt;&lt;/operationSequence&gt;</Process><Process ToolSource="c:\program files\arcgis\pro\Resources\ArcToolbox\toolboxes\Data Management Tools.tbx\CalculateField" Date="20240628" Time="162605">CalculateField "F:\ITE\01_PROYECTOS\RRM_FLEX\Rumania Flood\4_Delivery\2_Geodeliverables\1_GDB\EMSN193_FLEX_UTM35N_MG.gdb\Products_UTM35N\P01_REF_BuildingsA" emsn_id 'EMSN193' Python # Text NO_ENFORCE_DOMAINS</Process><Process ToolSource="c:\program files\arcgis\pro\Resources\ArcToolbox\toolboxes\Data Management Tools.tbx\CalculateField" Date="20240628" Time="162611">CalculateField "F:\ITE\01_PROYECTOS\RRM_FLEX\Rumania Flood\4_Delivery\2_Geodeliverables\1_GDB\EMSN193_FLEX_UTM35N_MG.gdb\Products_UTM35N\P01_REF_BuildingsA" fwc_type 'FLEX' Python # Text NO_ENFORCE_DOMAINS</Process><Process ToolSource="c:\program files\arcgis\pro\Resources\ArcToolbox\toolboxes\Data Management Tools.tbx\CalculateField" Date="20240628" Time="162617">CalculateField "F:\ITE\01_PROYECTOS\RRM_FLEX\Rumania Flood\4_Delivery\2_Geodeliverables\1_GDB\EMSN193_FLEX_UTM35N_MG.gdb\Products_UTM35N\P01_REF_BuildingsA" aoi_id '01' Python # Text NO_ENFORCE_DOMAINS</Process><Process ToolSource="c:\program files\arcgis\pro\Resources\ArcToolbox\toolboxes\Data Management Tools.tbx\CalculateField" Date="20240628" Time="162624">CalculateField "F:\ITE\01_PROYECTOS\RRM_FLEX\Rumania Flood\4_Delivery\2_Geodeliverables\1_GDB\EMSN193_FLEX_UTM35N_MG.gdb\Products_UTM35N\P01_REF_BuildingsA" name 'Tazlau river' Python # Text NO_ENFORCE_DOMAINS</Process><Process ToolSource="c:\program files\arcgis\pro\Resources\ArcToolbox\toolboxes\Data Management Tools.tbx\CalculateField" Date="20240628" Time="162631">CalculateField "F:\ITE\01_PROYECTOS\RRM_FLEX\Rumania Flood\4_Delivery\2_Geodeliverables\1_GDB\EMSN193_FLEX_UTM35N_MG.gdb\Products_UTM35N\P01_REF_BuildingsA" country 'Romania' Python # Text NO_ENFORCE_DOMAINS</Process><Process ToolSource="c:\program files\arcgis\pro\Resources\ArcToolbox\toolboxes\Data Management Tools.tbx\CalculateField" Date="20240628" Time="164635">CalculateField "F:\ITE\01_PROYECTOS\RRM_FLEX\Rumania Flood\4_Delivery\2_Geodeliverables\1_GDB\EMSN193_FLEX_UTM35N_MG.gdb\Products_UTM35N\P01_REF_BuildingsA" det_method '1,3' Python # Text NO_ENFORCE_DOMAINS</Process><Process ToolSource="c:\program files\arcgis\pro\Resources\ArcToolbox\toolboxes\Data Management Tools.tbx\CalculateField" Date="20240628" Time="164642">CalculateField "F:\ITE\01_PROYECTOS\RRM_FLEX\Rumania Flood\4_Delivery\2_Geodeliverables\1_GDB\EMSN193_FLEX_UTM35N_MG.gdb\Products_UTM35N\P01_REF_BuildingsA" or_src_id '3' Python # Text NO_ENFORCE_DOMAINS</Process><Process ToolSource="c:\program files (x86)\arcgis\desktop10.5\ArcToolbox\Toolboxes\Conversion Tools.tbx\FeatureClassToFeatureClass" Date="20240710" Time="125831">FeatureClassToFeatureClass GPL0 E:\EMSN_2024\EMSNXXX-FlooRiskAssess_Romania\07_ProduccPhase\Avances\Delivery\2_Geodeliverables\1_GDB\shapes P01_REF_BuildingsA # "obj_type "obj_type" true true false 255 Text 0 0 ,First,#,E:\EMSN_2024\EMSNXXX-FlooRiskAssess_Romania\07_ProduccPhase\Avances\Delivery\2_Geodeliverables\1_GDB\EMSN193_FLEX_UTM35N_v01.gdb\Products\P01_REF_BuildingsA,obj_type,-1,-1;info "info" true true false 255 Text 0 0 ,First,#,E:\EMSN_2024\EMSNXXX-FlooRiskAssess_Romania\07_ProduccPhase\Avances\Delivery\2_Geodeliverables\1_GDB\EMSN193_FLEX_UTM35N_v01.gdb\Products\P01_REF_BuildingsA,info,-1,-1;NAM "Name" true true false 80 Text 0 0 ,First,#,E:\EMSN_2024\EMSNXXX-FlooRiskAssess_Romania\07_ProduccPhase\Avances\Delivery\2_Geodeliverables\1_GDB\EMSN193_FLEX_UTM35N_v01.gdb\Products\P01_REF_BuildingsA,NAM,-1,-1;FUC "FUC" true true false 255 Text 0 0 ,First,#,E:\EMSN_2024\EMSNXXX-FlooRiskAssess_Romania\07_ProduccPhase\Avances\Delivery\2_Geodeliverables\1_GDB\EMSN193_FLEX_UTM35N_v01.gdb\Products\P01_REF_BuildingsA,FUC,-1,-1;det_method "det_method" true true false 255 Text 0 0 ,First,#,E:\EMSN_2024\EMSNXXX-FlooRiskAssess_Romania\07_ProduccPhase\Avances\Delivery\2_Geodeliverables\1_GDB\EMSN193_FLEX_UTM35N_v01.gdb\Products\P01_REF_BuildingsA,det_method,-1,-1;or_src_id "Origin Source Identifier" true true false 50 Text 0 0 ,First,#,E:\EMSN_2024\EMSNXXX-FlooRiskAssess_Romania\07_ProduccPhase\Avances\Delivery\2_Geodeliverables\1_GDB\EMSN193_FLEX_UTM35N_v01.gdb\Products\P01_REF_BuildingsA,or_src_id,-1,-1;emsn_id "Activation Code" true true false 50 Text 0 0 ,First,#,E:\EMSN_2024\EMSNXXX-FlooRiskAssess_Romania\07_ProduccPhase\Avances\Delivery\2_Geodeliverables\1_GDB\EMSN193_FLEX_UTM35N_v01.gdb\Products\P01_REF_BuildingsA,emsn_id,-1,-1;fwc_type "Framework Contract Type" true true false 10 Text 0 0 ,First,#,E:\EMSN_2024\EMSNXXX-FlooRiskAssess_Romania\07_ProduccPhase\Avances\Delivery\2_Geodeliverables\1_GDB\EMSN193_FLEX_UTM35N_v01.gdb\Products\P01_REF_BuildingsA,fwc_type,-1,-1;aoi_id "AOI Id" true true false 50 Text 0 0 ,First,#,E:\EMSN_2024\EMSNXXX-FlooRiskAssess_Romania\07_ProduccPhase\Avances\Delivery\2_Geodeliverables\1_GDB\EMSN193_FLEX_UTM35N_v01.gdb\Products\P01_REF_BuildingsA,aoi_id,-1,-1;name "AOI name" true true false 50 Text 0 0 ,First,#,E:\EMSN_2024\EMSNXXX-FlooRiskAssess_Romania\07_ProduccPhase\Avances\Delivery\2_Geodeliverables\1_GDB\EMSN193_FLEX_UTM35N_v01.gdb\Products\P01_REF_BuildingsA,name,-1,-1;country "Country" true true false 100 Text 0 0 ,First,#,E:\EMSN_2024\EMSNXXX-FlooRiskAssess_Romania\07_ProduccPhase\Avances\Delivery\2_Geodeliverables\1_GDB\EMSN193_FLEX_UTM35N_v01.gdb\Products\P01_REF_BuildingsA,country,-1,-1" #</Process></lineage><itemProps><itemName Sync="TRUE">P01_REF_BuildingsA</itemName><imsContentType Sync="TRUE">002</imsContentType><itemLocation><linkage Sync="TRUE">file://\\FCANO10A\E$\EMSN_2024\EMSNXXX-FlooRiskAssess_Romania\07_ProduccPhase\Avances\Delivery\2_Geodeliverables\1_GDB\shapes\P01_REF_BuildingsA.shp</linkage><protocol Sync="TRUE">Local Area Network</protocol></itemLocation><itemSize Sync="TRUE">0.000</itemSize></itemProps><coordRef><type Sync="TRUE">Projected</type><geogcsn Sync="TRUE">GCS_WGS_1984</geogcsn><csUnits Sync="TRUE">Linear Unit: Meter (1.000000)</csUnits><projcsn Sync="TRUE">WGS_1984_UTM_Zone_35N</projcsn><peXml Sync="TRUE">&lt;ProjectedCoordinateSystem xsi:type='typens:ProjectedCoordinateSystem' xmlns:xsi='http://www.w3.org/2001/XMLSchema-instance' xmlns:xs='http://www.w3.org/2001/XMLSchema' xmlns:typens='http://www.esri.com/schemas/ArcGIS/10.5'&gt;&lt;WKT&gt;PROJCS[&amp;quot;WGS_1984_UTM_Zone_35N&amp;quot;,GEOGCS[&amp;quot;GCS_WGS_1984&amp;quot;,DATUM[&amp;quot;D_WGS_1984&amp;quot;,SPHEROID[&amp;quot;WGS_1984&amp;quot;,6378137.0,298.257223563]],PRIMEM[&amp;quot;Greenwich&amp;quot;,0.0],UNIT[&amp;quot;Degree&amp;quot;,0.0174532925199433]],PROJECTION[&amp;quot;Transverse_Mercator&amp;quot;],PARAMETER[&amp;quot;False_Easting&amp;quot;,500000.0],PARAMETER[&amp;quot;False_Northing&amp;quot;,0.0],PARAMETER[&amp;quot;Central_Meridian&amp;quot;,27.0],PARAMETER[&amp;quot;Scale_Factor&amp;quot;,0.9996],PARAMETER[&amp;quot;Latitude_Of_Origin&amp;quot;,0.0],UNIT[&amp;quot;Meter&amp;quot;,1.0],AUTHORITY[&amp;quot;EPSG&amp;quot;,32635]]&lt;/WKT&gt;&lt;XOrigin&gt;-5120900&lt;/XOrigin&gt;&lt;YOrigin&gt;-9998100&lt;/YOrigin&gt;&lt;XYScale&gt;450445547.3910538&lt;/XYScale&gt;&lt;ZOrigin&gt;-100000&lt;/ZOrigin&gt;&lt;ZScale&gt;10000&lt;/ZScale&gt;&lt;MOrigin&gt;-100000&lt;/MOrigin&gt;&lt;MScale&gt;10000&lt;/MScale&gt;&lt;XYTolerance&gt;0.001&lt;/XYTolerance&gt;&lt;ZTolerance&gt;0.001&lt;/ZTolerance&gt;&lt;MTolerance&gt;0.001&lt;/MTolerance&gt;&lt;HighPrecision&gt;true&lt;/HighPrecision&gt;&lt;WKID&gt;32635&lt;/WKID&gt;&lt;LatestWKID&gt;32635&lt;/LatestWKID&gt;&lt;/ProjectedCoordinateSystem&gt;</peXml></coordRef></DataProperties><SyncDate>20240710</SyncDate><SyncTime>12582700</SyncTime><ModDate>20240710</ModDate><ModTime>12582700</ModTime><ArcGISstyle>INSPIRE Metadata Directive</ArcGISstyle></Esri><dataIdInfo><envirDesc Sync="TRUE"> Version 6.2 (Build 9200) ; Esri ArcGIS 10.5.1.7333</envirDesc><dataLang><languageCode value="spa" Sync="TRUE"></languageCode><countryCode value="ESP" Sync="TRUE"></countryCode></dataLang><idCitation><resTitle Sync="TRUE">P01_REF_BuildingsA</resTitle><presForm><PresFormCd value="005" Sync="TRUE"></PresFormCd></presForm></idCitation><spatRpType><SpatRepTypCd value="001" Sync="TRUE"></SpatRepTypCd></spatRpType></dataIdInfo><mdLang><languageCode value="spa" Sync="TRUE"></languageCode><countryCode value="ESP" Sync="TRUE"></countryCode></mdLang><distInfo><distFormat><formatName Sync="TRUE">Shapefile</formatName></distFormat><distTranOps><transSize Sync="TRUE">0.000</transSize></distTranOps></distInfo><mdHrLv><ScopeCd value="005" Sync="TRUE"></ScopeCd></mdHrLv><mdHrLvName Sync="TRUE">dataset</mdHrLvName><spatRepInfo><VectSpatRep><geometObjs Name="P01_REF_BuildingsA"><geoObjTyp><GeoObjTypCd value="002" Sync="TRUE"></GeoObjTypCd></geoObjTyp><geoObjCnt Sync="TRUE">0</geoObjCnt></geometObjs><topLvl><TopoLevCd value="001" Sync="TRUE"></TopoLevCd></topLvl></VectSpatRep></spatRepInfo><spdoinfo><ptvctinf><esriterm Name="P01_REF_BuildingsA"><efeatyp Sync="TRUE">Simple</efeatyp><efeageom code="4" Sync="TRUE"></efeageom><esritopo Sync="TRUE">FALSE</esritopo><efeacnt Sync="TRUE">0</efeacnt><spindex Sync="TRUE">FALSE</spindex><linrefer Sync="TRUE">FALSE</linrefer></esriterm></ptvctinf></spdoinfo><eainfo><detailed Name="P01_REF_BuildingsA"><enttyp><enttypl Sync="TRUE">P01_REF_BuildingsA</enttypl><enttypt Sync="TRUE">Feature Class</enttypt><enttypc Sync="TRUE">0</enttypc></enttyp><attr><attrlabl Sync="TRUE">Shape</attrlabl><attalias Sync="TRUE">Shape</attalias><attrtype Sync="TRUE">Geometry</attrtype><attwidth Sync="TRUE">0</attwidth><atprecis Sync="TRUE">0</atprecis><attscale Sync="TRUE">0</attscale><attrdef Sync="TRUE">Feature geometry.</attrdef><attrdefs Sync="TRUE">Esri</attrdefs><attrdomv><udom Sync="TRUE">Coordinates defining the features.</udom></attrdomv></attr><attr><attrlabl Sync="TRUE">obj_type</attrlabl><attalias Sync="TRUE">obj_type</attalias><attrtype Sync="TRUE">String</attrtype><attwidth Sync="TRUE">254</attwidth><atprecis Sync="TRUE">0</atprecis><attscale Sync="TRUE">0</attscale></attr><attr><attrlabl Sync="TRUE">info</attrlabl><attalias Sync="TRUE">info</attalias><attrtype Sync="TRUE">String</attrtype><attwidth Sync="TRUE">254</attwidth><atprecis Sync="TRUE">0</atprecis><attscale Sync="TRUE">0</attscale></attr><attr><attrlabl Sync="TRUE">FID</attrlabl><attalias Sync="TRUE">FID</attalias><attrtype Sync="TRUE">OID</attrtype><attwidth Sync="TRUE">4</attwidth><atprecis Sync="TRUE">0</atprecis><attscale Sync="TRUE">0</attscale><attrdef Sync="TRUE">Internal feature number.</attrdef><attrdefs Sync="TRUE">Esri</attrdefs><attrdomv><udom Sync="TRUE">Sequential unique whole numbers that are automatically generated.</udom></attrdomv></attr><attr><attrlabl Sync="TRUE">NAM</attrlabl><attalias Sync="TRUE">NAM</attalias><attrtype Sync="TRUE">String</attrtype><attwidth Sync="TRUE">80</attwidth><atprecis Sync="TRUE">0</atprecis><attscale Sync="TRUE">0</attscale></attr><attr><attrlabl Sync="TRUE">det_method</attrlabl><attalias Sync="TRUE">det_method</attalias><attrtype Sync="TRUE">String</attrtype><attwidth Sync="TRUE">254</attwidth><atprecis Sync="TRUE">0</atprecis><attscale Sync="TRUE">0</attscale></attr><attr><attrlabl Sync="TRUE">or_src_id</attrlabl><attalias Sync="TRUE">or_src_id</attalias><attrtype Sync="TRUE">String</attrtype><attwidth Sync="TRUE">50</attwidth><atprecis Sync="TRUE">0</atprecis><attscale Sync="TRUE">0</attscale></attr><attr><attrlabl Sync="TRUE">emsn_id</attrlabl><attalias Sync="TRUE">emsn_id</attalias><attrtype Sync="TRUE">String</attrtype><attwidth Sync="TRUE">50</attwidth><atprecis Sync="TRUE">0</atprecis><attscale Sync="TRUE">0</attscale></attr><attr><attrlabl Sync="TRUE">FUC</attrlabl><attalias Sync="TRUE">FUC</attalias><attrtype Sync="TRUE">String</attrtype><attwidth Sync="TRUE">254</attwidth><atprecis Sync="TRUE">0</atprecis><attscale Sync="TRUE">0</attscale></attr><attr><attrlabl Sync="TRUE">fwc_type</attrlabl><attalias Sync="TRUE">fwc_type</attalias><attrtype Sync="TRUE">String</attrtype><attwidth Sync="TRUE">10</attwidth><atprecis Sync="TRUE">0</atprecis><attscale Sync="TRUE">0</attscale></attr><attr><attrlabl Sync="TRUE">aoi_id</attrlabl><attalias Sync="TRUE">aoi_id</attalias><attrtype Sync="TRUE">String</attrtype><attwidth Sync="TRUE">50</attwidth><atprecis Sync="TRUE">0</atprecis><attscale Sync="TRUE">0</attscale></attr><attr><attrlabl Sync="TRUE">name</attrlabl><attalias Sync="TRUE">name</attalias><attrtype Sync="TRUE">String</attrtype><attwidth Sync="TRUE">50</attwidth><atprecis Sync="TRUE">0</atprecis><attscale Sync="TRUE">0</attscale></attr><attr><attrlabl Sync="TRUE">country</attrlabl><attalias Sync="TRUE">country</attalias><attrtype Sync="TRUE">String</attrtype><attwidth Sync="TRUE">100</attwidth><atprecis Sync="TRUE">0</atprecis><attscale Sync="TRUE">0</attscale></attr><subtype><stname Sync="TRUE">Building</stname><stcode Sync="TRUE">2</stcode><stfield><stfldnm Sync="TRUE">info</stfldnm><stflddv Sync="TRUE">11</stflddv><stflddd><domname Sync="TRUE">built_up_info</domname><domdesc Sync="TRUE">Feature Function Type - Ramon</domdesc><domtype Sync="TRUE">Coded Value</domtype><mrgtype Sync="TRUE">Default value</mrgtype><splttype Sync="TRUE">Duplicate</splttype><domowner Sync="TRUE"></domowner><domfldtp Sync="TRUE">Integer</domfldtp></stflddd></stfield><stfield><stfldnm Sync="TRUE">FUN</stfldnm><stflddv Sync="TRUE">6</stflddv><stflddd><domname Sync="TRUE">FUN</domname><domdesc Sync="TRUE">Condition of Facility</domdesc><domtype Sync="TRUE">Coded Value</domtype><mrgtype Sync="TRUE">Default value</mrgtype><splttype Sync="TRUE">Duplicate</splttype><domowner Sync="TRUE"></domowner><domfldtp Sync="TRUE">Integer</domfldtp></stflddd></stfield><stfield><stfldnm Sync="TRUE">det_method</stfldnm><stflddv Sync="TRUE">5</stflddv><stflddd><domname Sync="TRUE">det_method_list</domname><domdesc Sync="TRUE">list of determination method</domdesc><domtype Sync="TRUE">Coded Value</domtype><mrgtype Sync="TRUE">Default value</mrgtype><splttype Sync="TRUE">Default value</splttype><domowner Sync="TRUE"></domowner><domfldtp Sync="TRUE">String</domfldtp></stflddd></stfield><stfield><stfldnm Sync="TRUE">emsn_id</stfldnm><stflddv Sync="TRUE">EMSNxxx</stflddv></stfield><stfield><stfldnm Sync="TRUE">fwc_type</stfldnm><stflddv Sync="TRUE">FLEX</stflddv></stfield><stfield><stfldnm Sync="TRUE">name</stfldnm><stflddv Sync="TRUE">AOI name</stflddv></stfield><stfield><stfldnm Sync="TRUE">det_method_1</stfldnm><stflddd><domname Sync="TRUE">det_method_list</domname><domdesc Sync="TRUE">list of determination method</domdesc><domtype Sync="TRUE">Coded Value</domtype><mrgtype Sync="TRUE">Default value</mrgtype><splttype Sync="TRUE">Default value</splttype><domowner Sync="TRUE"></domowner><domfldtp Sync="TRUE">String</domfldtp></stflddd></stfield><stfield><stfldnm Sync="TRUE">emsn_id_1</stfldnm><stflddv Sync="TRUE">EMSNxxx</stflddv></stfield><stfield><stfldnm Sync="TRUE">fwc_type_1</stfldnm><stflddv Sync="TRUE">FLEX</stflddv></stfield><stfield><stfldnm Sync="TRUE">damage_grade</stfldnm><stflddd><domname Sync="TRUE">P01_FDG_FireGrading</domname><domdesc Sync="TRUE">damage_gra</domdesc><domtype Sync="TRUE">Coded Value</domtype><mrgtype Sync="TRUE">Default value</mrgtype><splttype Sync="TRUE">Default value</splttype><domowner Sync="TRUE"></domowner><domfldtp Sync="TRUE">SmallInteger</domfldtp></stflddd></stfield></subtype><subtype><stname Sync="TRUE">Building block</stname><stcode Sync="TRUE">1</stcode><stfield><stfldnm Sync="TRUE">info</stfldnm><stflddv Sync="TRUE">11</stflddv><stflddd><domname Sync="TRUE">built_up_info</domname><domdesc Sync="TRUE">Feature Function Type - Ramon</domdesc><domtype Sync="TRUE">Coded Value</domtype><mrgtype Sync="TRUE">Default value</mrgtype><splttype Sync="TRUE">Duplicate</splttype><domowner Sync="TRUE"></domowner><domfldtp Sync="TRUE">Integer</domfldtp></stflddd></stfield><stfield><stfldnm Sync="TRUE">FUN</stfldnm><stflddv Sync="TRUE">6</stflddv><stflddd><domname Sync="TRUE">FUN</domname><domdesc Sync="TRUE">Condition of Facility</domdesc><domtype Sync="TRUE">Coded Value</domtype><mrgtype Sync="TRUE">Default value</mrgtype><splttype Sync="TRUE">Duplicate</splttype><domowner Sync="TRUE"></domowner><domfldtp Sync="TRUE">Integer</domfldtp></stflddd></stfield><stfield><stfldnm Sync="TRUE">det_method</stfldnm><stflddv Sync="TRUE">5</stflddv><stflddd><domname Sync="TRUE">det_method_list</domname><domdesc Sync="TRUE">list of determination method</domdesc><domtype Sync="TRUE">Coded Value</domtype><mrgtype Sync="TRUE">Default value</mrgtype><splttype Sync="TRUE">Default value</splttype><domowner Sync="TRUE"></domowner><domfldtp Sync="TRUE">String</domfldtp></stflddd></stfield><stfield><stfldnm Sync="TRUE">emsn_id</stfldnm><stflddv Sync="TRUE">EMSNxxx</stflddv></stfield><stfield><stfldnm Sync="TRUE">fwc_type</stfldnm><stflddv Sync="TRUE">FLEX</stflddv></stfield><stfield><stfldnm Sync="TRUE">name</stfldnm><stflddv Sync="TRUE">AOI name</stflddv></stfield><stfield><stfldnm Sync="TRUE">det_method_1</stfldnm><stflddd><domname Sync="TRUE">det_method_list</domname><domdesc Sync="TRUE">list of determination method</domdesc><domtype Sync="TRUE">Coded Value</domtype><mrgtype Sync="TRUE">Default value</mrgtype><splttype Sync="TRUE">Default value</splttype><domowner Sync="TRUE"></domowner><domfldtp Sync="TRUE">String</domfldtp></stflddd></stfield><stfield><stfldnm Sync="TRUE">damage_grade</stfldnm><stflddd><domname Sync="TRUE">P01_FDG_FireGrading</domname><domdesc Sync="TRUE">damage_gra</domdesc><domtype Sync="TRUE">Coded Value</domtype><mrgtype Sync="TRUE">Default value</mrgtype><splttype Sync="TRUE">Default value</splttype><domowner Sync="TRUE"></domowner><domfldtp Sync="TRUE">SmallInteger</domfldtp></stflddd></stfield></subtype><subtype><stname Sync="TRUE">Built-up area</stname><stcode Sync="TRUE">0</stcode><stfield><stfldnm Sync="TRUE">info</stfldnm><stflddd><domname Sync="TRUE">FUC</domname><domdesc Sync="TRUE">Functional Use</domdesc><domtype Sync="TRUE">Coded Value</domtype><mrgtype Sync="TRUE">Default value</mrgtype><splttype Sync="TRUE">Duplicate</splttype><domowner Sync="TRUE"></domowner><domfldtp Sync="TRUE">Integer</domfldtp></stflddd></stfield><stfield><stfldnm Sync="TRUE">FUN</stfldnm><stflddv Sync="TRUE">6</stflddv><stflddd><domname Sync="TRUE">FUN</domname><domdesc Sync="TRUE">Condition of Facility</domdesc><domtype Sync="TRUE">Coded Value</domtype><mrgtype Sync="TRUE">Default value</mrgtype><splttype Sync="TRUE">Duplicate</splttype><domowner Sync="TRUE"></domowner><domfldtp Sync="TRUE">Integer</domfldtp></stflddd></stfield><stfield><stfldnm Sync="TRUE">det_method</stfldnm><stflddv Sync="TRUE">5</stflddv><stflddd><domname Sync="TRUE">det_method_list</domname><domdesc Sync="TRUE">list of determination method</domdesc><domtype Sync="TRUE">Coded Value</domtype><mrgtype Sync="TRUE">Default value</mrgtype><splttype Sync="TRUE">Default value</splttype><domowner Sync="TRUE"></domowner><domfldtp Sync="TRUE">String</domfldtp></stflddd></stfield><stfield><stfldnm Sync="TRUE">emsn_id</stfldnm><stflddv Sync="TRUE">EMSNxxx</stflddv></stfield><stfield><stfldnm Sync="TRUE">fwc_type</stfldnm><stflddv Sync="TRUE">FLEX</stflddv></stfield><stfield><stfldnm Sync="TRUE">name</stfldnm><stflddv Sync="TRUE">AOI name</stflddv></stfield><stfield><stfldnm Sync="TRUE">det_method_1</stfldnm><stflddd><domname Sync="TRUE">det_method_list</domname><domdesc Sync="TRUE">list of determination method</domdesc><domtype Sync="TRUE">Coded Value</domtype><mrgtype Sync="TRUE">Default value</mrgtype><splttype Sync="TRUE">Default value</splttype><domowner Sync="TRUE"></domowner><domfldtp Sync="TRUE">String</domfldtp></stflddd></stfield><stfield><stfldnm Sync="TRUE">damage_grade</stfldnm><stflddd><domname Sync="TRUE">P01_FDG_FireGrading</domname><domdesc Sync="TRUE">damage_gra</domdesc><domtype Sync="TRUE">Coded Value</domtype><mrgtype Sync="TRUE">Default value</mrgtype><splttype Sync="TRUE">Default value</splttype><domowner Sync="TRUE"></domowner><domfldtp Sync="TRUE">SmallInteger</domfldtp></stflddd></stfield></subtype></detailed></eainfo><mdDateSt Sync="TRUE">20240710</mdDateSt><refSysInfo><RefSystem><refSysID><identCode code="32635" Sync="TRUE"></identCode><idCodeSpace Sync="TRUE">EPSG</idCodeSpace><idVersion Sync="TRUE">7.1(3.0.1)</idVersion></refSysID></RefSystem></refSysInfo></metadata>
