<metadata xml:lang="es"><Esri><CreaDate>20240514</CreaDate><CreaTime>14094600</CreaTime><ArcGISFormat>1.0</ArcGISFormat><SyncOnce>FALSE</SyncOnce><DataProperties><lineage><Process ToolSource="c:\program files\arcgis\pro\Resources\ArcToolbox\toolboxes\GeoAnalytics Desktop Tools.tbx\ClipLayer" Date="20240514" Time="140420">ClipLayer LPIS_2024_UTM Annex1_AOI_UTM "Y:\01_PROYECTOS\RRM_FLEX\Rumania Flood\3_Process\2_P2\CORDA_info\LPIS_2024\LPIS_2024_UTM_.shp"</Process><Process ToolSource="c:\program files\arcgis\pro\Resources\ArcToolbox\toolboxes\Data Management Tools.tbx\CopyMultiple" Date="20240514" Time="140946">CopyMultiple "'Y:\01_PROYECTOS\RRM_FLEX\Rumania Flood\3_Process\2_P2\CORDA_info\LPIS_2024\LPIS_2024_UTM_.shp' shapefile_polygon;'Y:\01_PROYECTOS\RRM_FLEX\Rumania Flood\3_Process\2_P2\CORDA_info\LPIS_2024\N2k_2024_UTM_.shp' shapefile_polygon;'Y:\01_PROYECTOS\RRM_FLEX\Rumania Flood\3_Process\2_P2\CORDA_info\LPIS_2024\RZ_2024_UTM_.shp' shapefile_polygon" "Y:\01_PROYECTOS\RRM_FLEX\Rumania Flood\3_Process\2_P2\CORDA_info" LPIS_2024_UTM_;N2k_2024_UTM_;RZ_2024_UTM_ "LPIS_2024_UTM_ FeatureClass LPIS_2024_UTM_.shp #;N2k_2024_UTM_ FeatureClass N2k_2024_UTM_.shp #;RZ_2024_UTM_ FeatureClass RZ_2024_UTM_.shp #"</Process><Process ToolSource="c:\program files\arcgis\pro\Resources\ArcToolbox\toolboxes\Data Management Tools.tbx\UpdateSchema" Date="20240514" Time="162817">UpdateSchema "CIMDATA=&lt;CIMStandardDataConnection xsi:type='typens:CIMStandardDataConnection' xmlns:xsi='http://www.w3.org/2001/XMLSchema-instance' xmlns:xs='http://www.w3.org/2001/XMLSchema' xmlns:typens='http://www.esri.com/schemas/ArcGIS/2.9.0'&gt;&lt;WorkspaceConnectionString&gt;DATABASE=Y:\01_PROYECTOS\RRM_FLEX\Rumania Flood\3_Process\2_P2\CORDA_info&lt;/WorkspaceConnectionString&gt;&lt;WorkspaceFactory&gt;Shapefile&lt;/WorkspaceFactory&gt;&lt;Dataset&gt;LPIS_2024_UTM_.shp&lt;/Dataset&gt;&lt;DatasetType&gt;esriDTFeatureClass&lt;/DatasetType&gt;&lt;/CIMStandardDataConnection&gt;" &lt;operationSequence&gt;&lt;workflow&gt;&lt;AddField&gt;&lt;field_name&gt;LandUse&lt;/field_name&gt;&lt;field_type&gt;TEXT&lt;/field_type&gt;&lt;field_length&gt;255&lt;/field_length&gt;&lt;field_is_nullable&gt;False&lt;/field_is_nullable&gt;&lt;field_is_required&gt;False&lt;/field_is_required&gt;&lt;/AddField&gt;&lt;/workflow&gt;&lt;/operationSequence&gt;</Process><Process ToolSource="c:\program files\arcgis\pro\Resources\ArcToolbox\toolboxes\Data Management Tools.tbx\CalculateField" Date="20240514" Time="162912">CalculateField LPIS_2024_UTM_ LandUse 'Permanent crop' "Python 3" # Text NO_ENFORCE_DOMAINS</Process><Process ToolSource="c:\program files\arcgis\pro\Resources\ArcToolbox\toolboxes\Data Management Tools.tbx\CalculateField" Date="20240514" Time="162955">CalculateField LPIS_2024_UTM_ LandUse 'Permanent meadows or pastures' "Python 3" # Text NO_ENFORCE_DOMAINS</Process><Process ToolSource="c:\program files\arcgis\pro\Resources\ArcToolbox\toolboxes\Data Management Tools.tbx\CalculateField" Date="20240514" Time="163016">CalculateField LPIS_2024_UTM_ LandUse 'Arable land' "Python 3" # Text NO_ENFORCE_DOMAINS</Process><Process ToolSource="c:\program files\arcgis\pro\Resources\ArcToolbox\toolboxes\Conversion Tools.tbx\FeatureClassToFeatureClass" Date="20240605" Time="122250">FeatureClassToFeatureClass LPIS_2024_UTM_ "W:\ITE\01_PROYECTOS\RRM_FLEX\Rumania Flood\3_Process\2_P2\ArcGISPro_Updated_LULC\Default.gdb" Updated_LULC # "FID_1 "FID_1" true true false 11 Double 0 11,First,#,LPIS_2024_UTM_,FID_1,-1,-1;fbid "fbid" true true false 11 Text 0 0,First,#,LPIS_2024_UTM_,fbid,0,11;fol_pr_trn "fol_pr_trn" true true false 2 Text 0 0,First,#,LPIS_2024_UTM_,fol_pr_trn,0,2;fol_sec_tr "fol_sec_tr" true true false 4 Text 0 0,First,#,LPIS_2024_UTM_,fol_sec_tr,0,4;judet "judet" true true false 2 Text 0 0,First,#,LPIS_2024_UTM_,judet,0,2;nume_com "nume_com" true true false 17 Text 0 0,First,#,LPIS_2024_UTM_,nume_com,0,17;siruta "siruta" true true false 20 Double 0 20,First,#,LPIS_2024_UTM_,siruta,-1,-1;aria_neta "aria_neta" true true false 20 Double 0 0,First,#,LPIS_2024_UTM_,aria_neta,-1,-1;LandUse "LandUse" true true false 254 Text 0 0,First,#,LPIS_2024_UTM_,LandUse,0,254" #</Process><Process ToolSource="c:\program files\arcgis\pro\Resources\ArcToolbox\toolboxes\Data Management Tools.tbx\UpdateSchema" Date="20240605" Time="135632">UpdateSchema "CIMDATA=&lt;CIMStandardDataConnection xsi:type='typens:CIMStandardDataConnection' xmlns:xsi='http://www.w3.org/2001/XMLSchema-instance' xmlns:xs='http://www.w3.org/2001/XMLSchema' xmlns:typens='http://www.esri.com/schemas/ArcGIS/2.9.0'&gt;&lt;WorkspaceConnectionString&gt;DATABASE=W:\ITE\01_PROYECTOS\RRM_FLEX\Rumania Flood\3_Process\2_P2\ArcGISPro_Updated_LULC\Default.gdb&lt;/WorkspaceConnectionString&gt;&lt;WorkspaceFactory&gt;FileGDB&lt;/WorkspaceFactory&gt;&lt;Dataset&gt;Updated_LULC&lt;/Dataset&gt;&lt;DatasetType&gt;esriDTFeatureClass&lt;/DatasetType&gt;&lt;/CIMStandardDataConnection&gt;" "&lt;operationSequence&gt;&lt;workflow&gt;&lt;AddField&gt;&lt;field_name&gt;obj_type&lt;/field_name&gt;&lt;field_type&gt;LONG&lt;/field_type&gt;&lt;field_alias&gt;Subtype (Element type)&lt;/field_alias&gt;&lt;field_is_nullable&gt;True&lt;/field_is_nullable&gt;&lt;field_is_required&gt;False&lt;/field_is_required&gt;&lt;/AddField&gt;&lt;/workflow&gt;&lt;workflow&gt;&lt;AddField&gt;&lt;field_name&gt;info&lt;/field_name&gt;&lt;field_type&gt;SHORT&lt;/field_type&gt;&lt;field_alias&gt;LULC classes&lt;/field_alias&gt;&lt;field_is_nullable&gt;True&lt;/field_is_nullable&gt;&lt;field_is_required&gt;False&lt;/field_is_required&gt;&lt;/AddField&gt;&lt;/workflow&gt;&lt;workflow&gt;&lt;AddField&gt;&lt;field_name&gt;det_method&lt;/field_name&gt;&lt;field_type&gt;TEXT&lt;/field_type&gt;&lt;field_length&gt;50&lt;/field_length&gt;&lt;field_alias&gt;Determination Method&lt;/field_alias&gt;&lt;field_is_nullable&gt;True&lt;/field_is_nullable&gt;&lt;field_is_required&gt;False&lt;/field_is_required&gt;&lt;/AddField&gt;&lt;/workflow&gt;&lt;workflow&gt;&lt;AddField&gt;&lt;field_name&gt;aoi_id&lt;/field_name&gt;&lt;field_type&gt;TEXT&lt;/field_type&gt;&lt;field_length&gt;50&lt;/field_length&gt;&lt;field_alias&gt;AOI Id&lt;/field_alias&gt;&lt;field_is_nullable&gt;True&lt;/field_is_nullable&gt;&lt;field_is_required&gt;False&lt;/field_is_required&gt;&lt;field_default_value&gt;NN&lt;/field_default_value&gt;&lt;/AddField&gt;&lt;/workflow&gt;&lt;workflow&gt;&lt;AddField&gt;&lt;field_name&gt;or_src_id&lt;/field_name&gt;&lt;field_type&gt;TEXT&lt;/field_type&gt;&lt;field_length&gt;50&lt;/field_length&gt;&lt;field_alias&gt;Origin Source Identifi&lt;/field_alias&gt;&lt;field_is_nullable&gt;True&lt;/field_is_nullable&gt;&lt;field_is_required&gt;False&lt;/field_is_required&gt;&lt;/AddField&gt;&lt;/workflow&gt;&lt;/operationSequence&gt;"</Process><Process ToolSource="c:\program files\arcgis\pro\Resources\ArcToolbox\toolboxes\Data Management Tools.tbx\UpdateSchema" Date="20240605" Time="140641">UpdateSchema "CIMDATA=&lt;CIMStandardDataConnection xsi:type='typens:CIMStandardDataConnection' xmlns:xsi='http://www.w3.org/2001/XMLSchema-instance' xmlns:xs='http://www.w3.org/2001/XMLSchema' xmlns:typens='http://www.esri.com/schemas/ArcGIS/2.9.0'&gt;&lt;WorkspaceConnectionString&gt;DATABASE=W:\ITE\01_PROYECTOS\RRM_FLEX\Rumania Flood\3_Process\2_P2\ArcGISPro_Updated_LULC\Default.gdb&lt;/WorkspaceConnectionString&gt;&lt;WorkspaceFactory&gt;FileGDB&lt;/WorkspaceFactory&gt;&lt;Dataset&gt;Updated_LULC&lt;/Dataset&gt;&lt;DatasetType&gt;esriDTFeatureClass&lt;/DatasetType&gt;&lt;/CIMStandardDataConnection&gt;" "&lt;operationSequence&gt;&lt;workflow&gt;&lt;AddField&gt;&lt;field_name&gt;cd_value&lt;/field_name&gt;&lt;field_type&gt;SHORT&lt;/field_type&gt;&lt;field_alias&gt;Change Detection Value&lt;/field_alias&gt;&lt;field_is_nullable&gt;True&lt;/field_is_nullable&gt;&lt;field_is_required&gt;False&lt;/field_is_required&gt;&lt;/AddField&gt;&lt;/workflow&gt;&lt;/operationSequence&gt;"</Process><Process ToolSource="c:\program files\arcgis\pro\Resources\ArcToolbox\toolboxes\Data Management Tools.tbx\UpdateSchema" Date="20240605" Time="160047">UpdateSchema Updated_LULC "&lt;operationSequence&gt;&lt;workflow&gt;&lt;AssignDefaultToField&gt;&lt;field_name&gt;obj_type&lt;/field_name&gt;&lt;default_value&gt;1&lt;/default_value&gt;&lt;/AssignDefaultToField&gt;&lt;/workflow&gt;&lt;workflow&gt;&lt;SetSubtypeField&gt;&lt;field_name&gt;obj_type&lt;/field_name&gt;&lt;/SetSubtypeField&gt;&lt;/workflow&gt;&lt;workflow&gt;&lt;AddSubtype&gt;&lt;subtype_code&gt;1&lt;/subtype_code&gt;&lt;subtype_description&gt;Artificial surfaces&lt;/subtype_description&gt;&lt;/AddSubtype&gt;&lt;/workflow&gt;&lt;workflow&gt;&lt;AddSubtype&gt;&lt;subtype_code&gt;2&lt;/subtype_code&gt;&lt;subtype_description&gt;Agricultural areas&lt;/subtype_description&gt;&lt;/AddSubtype&gt;&lt;/workflow&gt;&lt;workflow&gt;&lt;AddSubtype&gt;&lt;subtype_code&gt;3&lt;/subtype_code&gt;&lt;subtype_description&gt;Natural and semi natural areas&lt;/subtype_description&gt;&lt;/AddSubtype&gt;&lt;/workflow&gt;&lt;workflow&gt;&lt;AddSubtype&gt;&lt;subtype_code&gt;4&lt;/subtype_code&gt;&lt;subtype_description&gt;Wetlands&lt;/subtype_description&gt;&lt;/AddSubtype&gt;&lt;/workflow&gt;&lt;workflow&gt;&lt;AddSubtype&gt;&lt;subtype_code&gt;5&lt;/subtype_code&gt;&lt;subtype_description&gt;Water&lt;/subtype_description&gt;&lt;/AddSubtype&gt;&lt;/workflow&gt;&lt;workflow&gt;&lt;AddSubtype&gt;&lt;subtype_code&gt;9&lt;/subtype_code&gt;&lt;subtype_description&gt;No data&lt;/subtype_description&gt;&lt;/AddSubtype&gt;&lt;/workflow&gt;&lt;workflow&gt;&lt;SetDefaultSubtype&gt;&lt;subtype_code&gt;1&lt;/subtype_code&gt;&lt;/SetDefaultSubtype&gt;&lt;/workflow&gt;&lt;/operationSequence&gt;"</Process><Process ToolSource="c:\program files\arcgis\pro\Resources\ArcToolbox\toolboxes\Data Management Tools.tbx\CalculateField" Date="20240605" Time="162146">CalculateField Updated_LULC obj_type 1 "Python 3" # Text NO_ENFORCE_DOMAINS</Process><Process ToolSource="c:\program files\arcgis\pro\Resources\ArcToolbox\toolboxes\Data Management Tools.tbx\UpdateSchema" Date="20240605" Time="163754">UpdateSchema "CIMDATA=&lt;CIMStandardDataConnection xsi:type='typens:CIMStandardDataConnection' xmlns:xsi='http://www.w3.org/2001/XMLSchema-instance' xmlns:xs='http://www.w3.org/2001/XMLSchema' xmlns:typens='http://www.esri.com/schemas/ArcGIS/2.9.0'&gt;&lt;WorkspaceConnectionString&gt;DATABASE=W:\ITE\01_PROYECTOS\RRM_FLEX\Rumania Flood\3_Process\2_P2\ArcGISPro_Updated_LULC\Default.gdb&lt;/WorkspaceConnectionString&gt;&lt;WorkspaceFactory&gt;FileGDB&lt;/WorkspaceFactory&gt;&lt;Dataset&gt;Updated_LULC&lt;/Dataset&gt;&lt;DatasetType&gt;esriDTFeatureClass&lt;/DatasetType&gt;&lt;/CIMStandardDataConnection&gt;" &lt;operationSequence&gt;&lt;workflow&gt;&lt;DeleteField&gt;&lt;field_name&gt;info&lt;/field_name&gt;&lt;/DeleteField&gt;&lt;/workflow&gt;&lt;/operationSequence&gt;</Process><Process ToolSource="c:\program files\arcgis\pro\Resources\ArcToolbox\toolboxes\Data Management Tools.tbx\UpdateSchema" Date="20240605" Time="163834">UpdateSchema "CIMDATA=&lt;CIMStandardDataConnection xsi:type='typens:CIMStandardDataConnection' xmlns:xsi='http://www.w3.org/2001/XMLSchema-instance' xmlns:xs='http://www.w3.org/2001/XMLSchema' xmlns:typens='http://www.esri.com/schemas/ArcGIS/2.9.0'&gt;&lt;WorkspaceConnectionString&gt;DATABASE=W:\ITE\01_PROYECTOS\RRM_FLEX\Rumania Flood\3_Process\2_P2\ArcGISPro_Updated_LULC\Default.gdb&lt;/WorkspaceConnectionString&gt;&lt;WorkspaceFactory&gt;FileGDB&lt;/WorkspaceFactory&gt;&lt;Dataset&gt;Updated_LULC&lt;/Dataset&gt;&lt;DatasetType&gt;esriDTFeatureClass&lt;/DatasetType&gt;&lt;/CIMStandardDataConnection&gt;" "&lt;operationSequence&gt;&lt;workflow&gt;&lt;AddField&gt;&lt;field_name&gt;info&lt;/field_name&gt;&lt;field_type&gt;TEXT&lt;/field_type&gt;&lt;field_length&gt;255&lt;/field_length&gt;&lt;field_alias&gt;LULC classes&lt;/field_alias&gt;&lt;field_is_nullable&gt;True&lt;/field_is_nullable&gt;&lt;field_is_required&gt;False&lt;/field_is_required&gt;&lt;/AddField&gt;&lt;/workflow&gt;&lt;/operationSequence&gt;"</Process><Process ToolSource="c:\program files\arcgis\pro\Resources\ArcToolbox\toolboxes\Data Management Tools.tbx\UpdateSchema" Date="20240605" Time="164013">UpdateSchema Updated_LULC "&lt;operationSequence&gt;&lt;workflow&gt;&lt;AssignDomainToField&gt;&lt;field_name&gt;info&lt;/field_name&gt;&lt;domain_name&gt;Artificial surfaces&lt;/domain_name&gt;&lt;subtype_code&gt;1&lt;/subtype_code&gt;&lt;/AssignDomainToField&gt;&lt;/workflow&gt;&lt;workflow&gt;&lt;AssignDomainToField&gt;&lt;field_name&gt;info&lt;/field_name&gt;&lt;domain_name&gt;Agricultural areas&lt;/domain_name&gt;&lt;subtype_code&gt;2&lt;/subtype_code&gt;&lt;/AssignDomainToField&gt;&lt;/workflow&gt;&lt;workflow&gt;&lt;AssignDomainToField&gt;&lt;field_name&gt;info&lt;/field_name&gt;&lt;domain_name&gt;Natural and semi natural areas&lt;/domain_name&gt;&lt;subtype_code&gt;3&lt;/subtype_code&gt;&lt;/AssignDomainToField&gt;&lt;/workflow&gt;&lt;workflow&gt;&lt;AssignDomainToField&gt;&lt;field_name&gt;info&lt;/field_name&gt;&lt;domain_name&gt;Wetlands&lt;/domain_name&gt;&lt;subtype_code&gt;4&lt;/subtype_code&gt;&lt;/AssignDomainToField&gt;&lt;/workflow&gt;&lt;workflow&gt;&lt;AssignDomainToField&gt;&lt;field_name&gt;info&lt;/field_name&gt;&lt;domain_name&gt;Water&lt;/domain_name&gt;&lt;subtype_code&gt;5&lt;/subtype_code&gt;&lt;/AssignDomainToField&gt;&lt;/workflow&gt;&lt;workflow&gt;&lt;AssignDomainToField&gt;&lt;field_name&gt;info&lt;/field_name&gt;&lt;domain_name&gt;No data&lt;/domain_name&gt;&lt;subtype_code&gt;9&lt;/subtype_code&gt;&lt;/AssignDomainToField&gt;&lt;/workflow&gt;&lt;/operationSequence&gt;"</Process><Process ToolSource="c:\program files\arcgis\pro\Resources\ArcToolbox\toolboxes\Data Management Tools.tbx\CalculateField" Date="20240605" Time="164101">CalculateField Updated_LULC obj_type 2 "Python 3" # Text NO_ENFORCE_DOMAINS</Process><Process ToolSource="c:\program files\arcgis\pro\Resources\ArcToolbox\toolboxes\Data Management Tools.tbx\CalculateField" Date="20240605" Time="164308">CalculateField Updated_LULC info 15 "Python 3" # Text NO_ENFORCE_DOMAINS</Process><Process ToolSource="c:\program files\arcgis\pro\Resources\ArcToolbox\toolboxes\Data Management Tools.tbx\CalculateField" Date="20240605" Time="164339">CalculateField Updated_LULC info 16 "Python 3" # Text NO_ENFORCE_DOMAINS</Process><Process ToolSource="c:\program files\arcgis\pro\Resources\ArcToolbox\toolboxes\Data Management Tools.tbx\CalculateField" Date="20240605" Time="164428">CalculateField Updated_LULC info 17 "Python 3" # Text NO_ENFORCE_DOMAINS</Process><Process ToolSource="c:\program files\arcgis\pro\Resources\ArcToolbox\toolboxes\Data Management Tools.tbx\CalculateField" Date="20240605" Time="164502">CalculateField Updated_LULC info 17 "Python 3" # Text NO_ENFORCE_DOMAINS</Process><Process ToolSource="c:\program files\arcgis\pro\Resources\ArcToolbox\toolboxes\Data Management Tools.tbx\CalculateField" Date="20240605" Time="164522">CalculateField Updated_LULC info 16 "Python 3" # Text NO_ENFORCE_DOMAINS</Process><Process ToolSource="c:\program files\arcgis\pro\Resources\ArcToolbox\toolboxes\Data Management Tools.tbx\UpdateSchema" Date="20240605" Time="172758">UpdateSchema Updated_LULC "&lt;operationSequence&gt;&lt;workflow&gt;&lt;AssignDomainToField&gt;&lt;field_name&gt;det_method&lt;/field_name&gt;&lt;domain_name&gt;Determination Method&lt;/domain_name&gt;&lt;subtype_code&gt;1&lt;/subtype_code&gt;&lt;/AssignDomainToField&gt;&lt;/workflow&gt;&lt;workflow&gt;&lt;AssignDomainToField&gt;&lt;field_name&gt;det_method&lt;/field_name&gt;&lt;domain_name&gt;Determination Method&lt;/domain_name&gt;&lt;subtype_code&gt;2&lt;/subtype_code&gt;&lt;/AssignDomainToField&gt;&lt;/workflow&gt;&lt;workflow&gt;&lt;AssignDomainToField&gt;&lt;field_name&gt;det_method&lt;/field_name&gt;&lt;domain_name&gt;Determination Method&lt;/domain_name&gt;&lt;subtype_code&gt;3&lt;/subtype_code&gt;&lt;/AssignDomainToField&gt;&lt;/workflow&gt;&lt;workflow&gt;&lt;AssignDomainToField&gt;&lt;field_name&gt;det_method&lt;/field_name&gt;&lt;domain_name&gt;Determination Method&lt;/domain_name&gt;&lt;subtype_code&gt;4&lt;/subtype_code&gt;&lt;/AssignDomainToField&gt;&lt;/workflow&gt;&lt;workflow&gt;&lt;AssignDomainToField&gt;&lt;field_name&gt;det_method&lt;/field_name&gt;&lt;domain_name&gt;Determination Method&lt;/domain_name&gt;&lt;subtype_code&gt;5&lt;/subtype_code&gt;&lt;/AssignDomainToField&gt;&lt;/workflow&gt;&lt;workflow&gt;&lt;AssignDomainToField&gt;&lt;field_name&gt;det_method&lt;/field_name&gt;&lt;domain_name&gt;Determination Method&lt;/domain_name&gt;&lt;subtype_code&gt;9&lt;/subtype_code&gt;&lt;/AssignDomainToField&gt;&lt;/workflow&gt;&lt;/operationSequence&gt;"</Process><Process ToolSource="c:\program files\arcgis\pro\Resources\ArcToolbox\toolboxes\Data Management Tools.tbx\UpdateSchema" Date="20240605" Time="172931">UpdateSchema Updated_LULC "&lt;operationSequence&gt;&lt;workflow&gt;&lt;AssignDomainToField&gt;&lt;field_name&gt;or_src_id&lt;/field_name&gt;&lt;domain_name&gt;Origin source identifier&lt;/domain_name&gt;&lt;subtype_code&gt;1&lt;/subtype_code&gt;&lt;/AssignDomainToField&gt;&lt;/workflow&gt;&lt;workflow&gt;&lt;AssignDomainToField&gt;&lt;field_name&gt;cd_value&lt;/field_name&gt;&lt;domain_name&gt;Change detection&lt;/domain_name&gt;&lt;subtype_code&gt;1&lt;/subtype_code&gt;&lt;/AssignDomainToField&gt;&lt;/workflow&gt;&lt;workflow&gt;&lt;AssignDomainToField&gt;&lt;field_name&gt;or_src_id&lt;/field_name&gt;&lt;domain_name&gt;Origin source identifier&lt;/domain_name&gt;&lt;subtype_code&gt;2&lt;/subtype_code&gt;&lt;/AssignDomainToField&gt;&lt;/workflow&gt;&lt;workflow&gt;&lt;AssignDomainToField&gt;&lt;field_name&gt;cd_value&lt;/field_name&gt;&lt;domain_name&gt;Change detection&lt;/domain_name&gt;&lt;subtype_code&gt;2&lt;/subtype_code&gt;&lt;/AssignDomainToField&gt;&lt;/workflow&gt;&lt;workflow&gt;&lt;AssignDomainToField&gt;&lt;field_name&gt;or_src_id&lt;/field_name&gt;&lt;domain_name&gt;Origin source identifier&lt;/domain_name&gt;&lt;subtype_code&gt;3&lt;/subtype_code&gt;&lt;/AssignDomainToField&gt;&lt;/workflow&gt;&lt;workflow&gt;&lt;AssignDomainToField&gt;&lt;field_name&gt;cd_value&lt;/field_name&gt;&lt;domain_name&gt;Change detection&lt;/domain_name&gt;&lt;subtype_code&gt;3&lt;/subtype_code&gt;&lt;/AssignDomainToField&gt;&lt;/workflow&gt;&lt;workflow&gt;&lt;AssignDomainToField&gt;&lt;field_name&gt;or_src_id&lt;/field_name&gt;&lt;domain_name&gt;Origin source identifier&lt;/domain_name&gt;&lt;subtype_code&gt;4&lt;/subtype_code&gt;&lt;/AssignDomainToField&gt;&lt;/workflow&gt;&lt;workflow&gt;&lt;AssignDomainToField&gt;&lt;field_name&gt;cd_value&lt;/field_name&gt;&lt;domain_name&gt;Change detection&lt;/domain_name&gt;&lt;subtype_code&gt;4&lt;/subtype_code&gt;&lt;/AssignDomainToField&gt;&lt;/workflow&gt;&lt;workflow&gt;&lt;AssignDomainToField&gt;&lt;field_name&gt;or_src_id&lt;/field_name&gt;&lt;domain_name&gt;Origin source identifier&lt;/domain_name&gt;&lt;subtype_code&gt;5&lt;/subtype_code&gt;&lt;/AssignDomainToField&gt;&lt;/workflow&gt;&lt;workflow&gt;&lt;AssignDomainToField&gt;&lt;field_name&gt;cd_value&lt;/field_name&gt;&lt;domain_name&gt;Change detection&lt;/domain_name&gt;&lt;subtype_code&gt;5&lt;/subtype_code&gt;&lt;/AssignDomainToField&gt;&lt;/workflow&gt;&lt;workflow&gt;&lt;AssignDomainToField&gt;&lt;field_name&gt;or_src_id&lt;/field_name&gt;&lt;domain_name&gt;Origin source identifier&lt;/domain_name&gt;&lt;subtype_code&gt;9&lt;/subtype_code&gt;&lt;/AssignDomainToField&gt;&lt;/workflow&gt;&lt;workflow&gt;&lt;AssignDomainToField&gt;&lt;field_name&gt;cd_value&lt;/field_name&gt;&lt;domain_name&gt;Change detection&lt;/domain_name&gt;&lt;subtype_code&gt;9&lt;/subtype_code&gt;&lt;/AssignDomainToField&gt;&lt;/workflow&gt;&lt;/operationSequence&gt;"</Process><Process ToolSource="c:\program files\arcgis\pro\Resources\ArcToolbox\toolboxes\Data Management Tools.tbx\CalculateField" Date="20240605" Time="173342">CalculateField Updated_LULC det_method 2 "Python 3" # Text NO_ENFORCE_DOMAINS</Process><Process ToolSource="c:\program files\arcgis\pro\Resources\ArcToolbox\toolboxes\Data Management Tools.tbx\CalculateField" Date="20240605" Time="173426">CalculateField Updated_LULC cd_value 4 "Python 3" # Text NO_ENFORCE_DOMAINS</Process><Process ToolSource="c:\program files\arcgis\pro\Resources\ArcToolbox\toolboxes\Data Management Tools.tbx\CalculateField" Date="20240605" Time="173439">CalculateField Updated_LULC or_src_id 2 "Python 3" # Text NO_ENFORCE_DOMAINS</Process><Process ToolSource="c:\program files\arcgis\pro\Resources\ArcToolbox\toolboxes\Data Management Tools.tbx\UpdateSchema" Date="20240605" Time="173947">UpdateSchema "CIMDATA=&lt;CIMStandardDataConnection xsi:type='typens:CIMStandardDataConnection' xmlns:xsi='http://www.w3.org/2001/XMLSchema-instance' xmlns:xs='http://www.w3.org/2001/XMLSchema' xmlns:typens='http://www.esri.com/schemas/ArcGIS/2.9.0'&gt;&lt;WorkspaceConnectionString&gt;DATABASE=W:\ITE\01_PROYECTOS\RRM_FLEX\Rumania Flood\3_Process\2_P2\ArcGISPro_Updated_LULC\Default.gdb&lt;/WorkspaceConnectionString&gt;&lt;WorkspaceFactory&gt;FileGDB&lt;/WorkspaceFactory&gt;&lt;Dataset&gt;Updated_LULC&lt;/Dataset&gt;&lt;DatasetType&gt;esriDTFeatureClass&lt;/DatasetType&gt;&lt;/CIMStandardDataConnection&gt;" &lt;operationSequence&gt;&lt;workflow&gt;&lt;AssignDefaultToField&gt;&lt;field_name&gt;cd_value&lt;/field_name&gt;&lt;default_value&gt;4&lt;/default_value&gt;&lt;/AssignDefaultToField&gt;&lt;/workflow&gt;&lt;/operationSequence&gt;</Process><Process ToolSource="c:\program files\arcgis\pro\Resources\ArcToolbox\toolboxes\Data Management Tools.tbx\CalculateField" Date="20240606" Time="141556">CalculateField Updated_LULC info 21 "Python 3" # Text NO_ENFORCE_DOMAINS</Process><Process ToolSource="c:\program files\arcgis\pro\Resources\ArcToolbox\toolboxes\Data Management Tools.tbx\CalculateField" Date="20240606" Time="141706">CalculateField Updated_LULC det_method 1 "Python 3" # Text NO_ENFORCE_DOMAINS</Process><Process ToolSource="c:\program files\arcgis\pro\Resources\ArcToolbox\toolboxes\Data Management Tools.tbx\CalculateField" Date="20240606" Time="141728">CalculateField Updated_LULC cd_value 4 "Python 3" # Text NO_ENFORCE_DOMAINS</Process><Process ToolSource="c:\program files\arcgis\pro\Resources\ArcToolbox\toolboxes\Data Management Tools.tbx\CalculateField" Date="20240606" Time="141741">CalculateField Updated_LULC or_src_id 3 "Python 3" # Text NO_ENFORCE_DOMAINS</Process><Process ToolSource="c:\program files\arcgis\pro\Resources\ArcToolbox\toolboxes\Data Management Tools.tbx\CalculateField" Date="20240606" Time="141845">CalculateField Updated_LULC info 19 "Python 3" # Text NO_ENFORCE_DOMAINS</Process><Process ToolSource="c:\program files\arcgis\pro\Resources\ArcToolbox\toolboxes\Data Management Tools.tbx\CalculateField" Date="20240606" Time="141858">CalculateField Updated_LULC det_method 1 "Python 3" # Text NO_ENFORCE_DOMAINS</Process><Process ToolSource="c:\program files\arcgis\pro\Resources\ArcToolbox\toolboxes\Data Management Tools.tbx\CalculateField" Date="20240606" Time="141914">CalculateField Updated_LULC or_src_id 3 "Python 3" # Text NO_ENFORCE_DOMAINS</Process><Process ToolSource="c:\program files\arcgis\pro\Resources\ArcToolbox\toolboxes\Data Management Tools.tbx\CalculateField" Date="20240606" Time="143747">CalculateField Updated_LULC info 6 "Python 3" # Text NO_ENFORCE_DOMAINS</Process><Process ToolSource="c:\program files\arcgis\pro\Resources\ArcToolbox\toolboxes\Data Management Tools.tbx\CalculateField" Date="20240606" Time="143804">CalculateField Updated_LULC det_method 1 "Python 3" # Text NO_ENFORCE_DOMAINS</Process><Process ToolSource="c:\program files\arcgis\pro\Resources\ArcToolbox\toolboxes\Data Management Tools.tbx\CalculateField" Date="20240606" Time="143815">CalculateField Updated_LULC or_src_id 3
 "Python 3" # Text NO_ENFORCE_DOMAINS</Process><Process ToolSource="c:\program files\arcgis\pro\Resources\ArcToolbox\toolboxes\Data Management Tools.tbx\DeleteField" Date="20240607" Time="072408">DeleteField Updated_LULC nume_com "Delete Fields"</Process><Process ToolSource="c:\program files\arcgis\pro\Resources\ArcToolbox\toolboxes\Data Management Tools.tbx\DeleteField" Date="20240607" Time="072507">DeleteField Updated_LULC siruta "Delete Fields"</Process><Process ToolSource="c:\program files\arcgis\pro\Resources\ArcToolbox\toolboxes\Data Management Tools.tbx\UpdateSchema" Date="20240607" Time="072640">UpdateSchema "CIMDATA=&lt;CIMStandardDataConnection xsi:type='typens:CIMStandardDataConnection' xmlns:xsi='http://www.w3.org/2001/XMLSchema-instance' xmlns:xs='http://www.w3.org/2001/XMLSchema' xmlns:typens='http://www.esri.com/schemas/ArcGIS/2.9.0'&gt;&lt;WorkspaceConnectionString&gt;DATABASE=W:\ITE\01_PROYECTOS\RRM_FLEX\Rumania Flood\3_Process\2_P2\ArcGISPro_Updated_LULC\Default.gdb&lt;/WorkspaceConnectionString&gt;&lt;WorkspaceFactory&gt;FileGDB&lt;/WorkspaceFactory&gt;&lt;Dataset&gt;Updated_LULC&lt;/Dataset&gt;&lt;DatasetType&gt;esriDTFeatureClass&lt;/DatasetType&gt;&lt;/CIMStandardDataConnection&gt;" &lt;operationSequence&gt;&lt;workflow&gt;&lt;DeleteField&gt;&lt;field_name&gt;fbid&lt;/field_name&gt;&lt;field_name&gt;aria_neta&lt;/field_name&gt;&lt;/DeleteField&gt;&lt;/workflow&gt;&lt;/operationSequence&gt;</Process><Process ToolSource="c:\program files\arcgis\pro\Resources\ArcToolbox\toolboxes\Data Management Tools.tbx\CalculateField" Date="20240610" Time="095425">CalculateField Updated_LULC obj_type 3 "Python 3" # Text NO_ENFORCE_DOMAINS</Process><Process ToolSource="c:\program files\arcgis\pro\Resources\ArcToolbox\toolboxes\Data Management Tools.tbx\CalculateField" Date="20240610" Time="095446">CalculateField Updated_LULC info 21 "Python 3" # Text NO_ENFORCE_DOMAINS</Process><Process ToolSource="c:\program files\arcgis\pro\Resources\ArcToolbox\toolboxes\Data Management Tools.tbx\CalculateField" Date="20240611" Time="142600">CalculateField Updated_LULC info 21 "Python 3" # Text NO_ENFORCE_DOMAINS</Process><Process ToolSource="c:\program files\arcgis\pro\Resources\ArcToolbox\toolboxes\Data Management Tools.tbx\CalculateField" Date="20240611" Time="142717">CalculateField Updated_LULC info 23 "Python 3" # Text NO_ENFORCE_DOMAINS</Process><Process ToolSource="c:\program files\arcgis\pro\Resources\ArcToolbox\toolboxes\Data Management Tools.tbx\CalculateField" Date="20240611" Time="160250">CalculateField Updated_LULC info 'Null' "Python 3" # Text NO_ENFORCE_DOMAINS</Process><Process ToolSource="c:\program files\arcgis\pro\Resources\ArcToolbox\toolboxes\Data Management Tools.tbx\CalculateField" Date="20240611" Time="160353">CalculateField Updated_LULC info '&lt;Null&gt;' "Python 3" # Text NO_ENFORCE_DOMAINS</Process><Process ToolSource="c:\program files\arcgis\pro\Resources\ArcToolbox\toolboxes\Data Management Tools.tbx\CalculateField" Date="20240612" Time="110618">CalculateField Updated_LULC info 21 "Python 3" # Text NO_ENFORCE_DOMAINS</Process><Process ToolSource="c:\program files\arcgis\pro\Resources\ArcToolbox\toolboxes\Data Management Tools.tbx\UpdateSchema" Date="20240618" Time="130706">UpdateSchema "CIMDATA=&lt;CIMStandardDataConnection xsi:type='typens:CIMStandardDataConnection' xmlns:xsi='http://www.w3.org/2001/XMLSchema-instance' xmlns:xs='http://www.w3.org/2001/XMLSchema' xmlns:typens='http://www.esri.com/schemas/ArcGIS/2.9.0'&gt;&lt;WorkspaceConnectionString&gt;DATABASE=W:\ITE\01_PROYECTOS\RRM_FLEX\Rumania Flood\3_Process\2_P2\ArcGISPro_Updated_LULC\Default.gdb&lt;/WorkspaceConnectionString&gt;&lt;WorkspaceFactory&gt;FileGDB&lt;/WorkspaceFactory&gt;&lt;Dataset&gt;Updated_LULC&lt;/Dataset&gt;&lt;DatasetType&gt;esriDTFeatureClass&lt;/DatasetType&gt;&lt;/CIMStandardDataConnection&gt;" "&lt;operationSequence&gt;&lt;workflow&gt;&lt;AddField&gt;&lt;field_name&gt;info2&lt;/field_name&gt;&lt;field_type&gt;TEXT&lt;/field_type&gt;&lt;field_length&gt;255&lt;/field_length&gt;&lt;field_alias&gt;LULC class2&lt;/field_alias&gt;&lt;field_is_nullable&gt;True&lt;/field_is_nullable&gt;&lt;field_is_required&gt;False&lt;/field_is_required&gt;&lt;/AddField&gt;&lt;/workflow&gt;&lt;/operationSequence&gt;"</Process><Process ToolSource="c:\program files\arcgis\pro\Resources\ArcToolbox\toolboxes\Data Management Tools.tbx\CalculateField" Date="20240618" Time="131204">CalculateField Updated_LULC info2 'Permanent crop' "Python 3" # Text NO_ENFORCE_DOMAINS</Process><Process ToolSource="c:\program files\arcgis\pro\Resources\ArcToolbox\toolboxes\Data Management Tools.tbx\CalculateField" Date="20240618" Time="131313">CalculateField Updated_LULC info2 'MIXED' "Python 3" # Text NO_ENFORCE_DOMAINS</Process><Process ToolSource="c:\program files\arcgis\pro\Resources\ArcToolbox\toolboxes\Data Management Tools.tbx\CalculateField" Date="20240618" Time="131403">CalculateField Updated_LULC info2 'Permanent meadows or pastures' "Python 3" # Text NO_ENFORCE_DOMAINS</Process><Process ToolSource="c:\program files\arcgis\pro\Resources\ArcToolbox\toolboxes\Data Management Tools.tbx\CalculateField" Date="20240618" Time="131432">CalculateField Updated_LULC info2 'Arable land' "Python 3" # Text NO_ENFORCE_DOMAINS</Process><Process ToolSource="c:\program files\arcgis\pro\Resources\ArcToolbox\toolboxes\Data Management Tools.tbx\UpdateSchema" Date="20240618" Time="131648">UpdateSchema "CIMDATA=&lt;CIMStandardDataConnection xsi:type='typens:CIMStandardDataConnection' xmlns:xsi='http://www.w3.org/2001/XMLSchema-instance' xmlns:xs='http://www.w3.org/2001/XMLSchema' xmlns:typens='http://www.esri.com/schemas/ArcGIS/2.9.0'&gt;&lt;WorkspaceConnectionString&gt;DATABASE=W:\ITE\01_PROYECTOS\RRM_FLEX\Rumania Flood\3_Process\2_P2\ArcGISPro_Updated_LULC\Default.gdb&lt;/WorkspaceConnectionString&gt;&lt;WorkspaceFactory&gt;FileGDB&lt;/WorkspaceFactory&gt;&lt;Dataset&gt;Updated_LULC&lt;/Dataset&gt;&lt;DatasetType&gt;esriDTFeatureClass&lt;/DatasetType&gt;&lt;/CIMStandardDataConnection&gt;" &lt;operationSequence&gt;&lt;workflow&gt;&lt;AddField&gt;&lt;field_name&gt;dissolve&lt;/field_name&gt;&lt;field_type&gt;TEXT&lt;/field_type&gt;&lt;field_length&gt;255&lt;/field_length&gt;&lt;field_alias&gt;dissolve&lt;/field_alias&gt;&lt;field_is_nullable&gt;True&lt;/field_is_nullable&gt;&lt;field_is_required&gt;False&lt;/field_is_required&gt;&lt;/AddField&gt;&lt;/workflow&gt;&lt;/operationSequence&gt;</Process><Process ToolSource="c:\program files\arcgis\pro\Resources\ArcToolbox\toolboxes\Data Management Tools.tbx\Dissolve" Date="20240618" Time="132146">Dissolve Updated_LULC "W:\ITE\01_PROYECTOS\RRM_FLEX\Rumania Flood\3_Process\2_P2\ArcGISPro_Updated_LULC\Default.gdb\Updated_LULC_dissolve" obj_type;info;info2 # SINGLE_PART DISSOLVE_LINES</Process><Process ToolSource="c:\program files\arcgis\pro\Resources\ArcToolbox\toolboxes\Data Management Tools.tbx\UpdateSchema" Date="20240618" Time="135820">UpdateSchema "CIMDATA=&lt;CIMStandardDataConnection xsi:type='typens:CIMStandardDataConnection' xmlns:xsi='http://www.w3.org/2001/XMLSchema-instance' xmlns:xs='http://www.w3.org/2001/XMLSchema' xmlns:typens='http://www.esri.com/schemas/ArcGIS/2.9.0'&gt;&lt;WorkspaceConnectionString&gt;DATABASE=W:\ITE\01_PROYECTOS\RRM_FLEX\Rumania Flood\3_Process\2_P2\ArcGISPro_Updated_LULC\Default.gdb&lt;/WorkspaceConnectionString&gt;&lt;WorkspaceFactory&gt;FileGDB&lt;/WorkspaceFactory&gt;&lt;Dataset&gt;Updated_LULC_dissolve&lt;/Dataset&gt;&lt;DatasetType&gt;esriDTFeatureClass&lt;/DatasetType&gt;&lt;/CIMStandardDataConnection&gt;" &lt;operationSequence&gt;&lt;workflow&gt;&lt;AddField&gt;&lt;field_name&gt;obj_type2&lt;/field_name&gt;&lt;field_type&gt;LONG&lt;/field_type&gt;&lt;field_alias&gt;Subtype2&lt;/field_alias&gt;&lt;field_is_nullable&gt;True&lt;/field_is_nullable&gt;&lt;field_is_required&gt;False&lt;/field_is_required&gt;&lt;/AddField&gt;&lt;/workflow&gt;&lt;/operationSequence&gt;</Process><Process ToolSource="c:\program files\arcgis\pro\Resources\ArcToolbox\toolboxes\Data Management Tools.tbx\CalculateField" Date="20240618" Time="135934">CalculateField Updated_LULC_dissolve obj_type2 !obj_type! "Python 3" # Text NO_ENFORCE_DOMAINS</Process><Process ToolSource="c:\program files\arcgis\pro\Resources\ArcToolbox\toolboxes\Data Management Tools.tbx\UpdateSchema" Date="20240618" Time="140526">UpdateSchema Updated_LULC_dissolve "&lt;operationSequence&gt;&lt;workflow&gt;&lt;AssignDefaultToField&gt;&lt;field_name&gt;obj_type2&lt;/field_name&gt;&lt;default_value&gt;1&lt;/default_value&gt;&lt;/AssignDefaultToField&gt;&lt;/workflow&gt;&lt;workflow&gt;&lt;SetSubtypeField&gt;&lt;field_name&gt;obj_type2&lt;/field_name&gt;&lt;/SetSubtypeField&gt;&lt;/workflow&gt;&lt;workflow&gt;&lt;AddSubtype&gt;&lt;subtype_code&gt;1&lt;/subtype_code&gt;&lt;subtype_description&gt;Artificial surfaces&lt;/subtype_description&gt;&lt;/AddSubtype&gt;&lt;/workflow&gt;&lt;workflow&gt;&lt;AddSubtype&gt;&lt;subtype_code&gt;2&lt;/subtype_code&gt;&lt;subtype_description&gt;Agricultural areas&lt;/subtype_description&gt;&lt;/AddSubtype&gt;&lt;/workflow&gt;&lt;workflow&gt;&lt;AddSubtype&gt;&lt;subtype_code&gt;3&lt;/subtype_code&gt;&lt;subtype_description&gt;Natural and semi-natural areas&lt;/subtype_description&gt;&lt;/AddSubtype&gt;&lt;/workflow&gt;&lt;workflow&gt;&lt;AddSubtype&gt;&lt;subtype_code&gt;4&lt;/subtype_code&gt;&lt;subtype_description&gt;Wetlands&lt;/subtype_description&gt;&lt;/AddSubtype&gt;&lt;/workflow&gt;&lt;workflow&gt;&lt;AddSubtype&gt;&lt;subtype_code&gt;5&lt;/subtype_code&gt;&lt;subtype_description&gt;Water&lt;/subtype_description&gt;&lt;/AddSubtype&gt;&lt;/workflow&gt;&lt;workflow&gt;&lt;SetDefaultSubtype&gt;&lt;subtype_code&gt;1&lt;/subtype_code&gt;&lt;/SetDefaultSubtype&gt;&lt;/workflow&gt;&lt;/operationSequence&gt;"</Process><Process ToolSource="c:\program files\arcgis\pro\Resources\ArcToolbox\toolboxes\Data Management Tools.tbx\UpdateSchema" Date="20240618" Time="141129">UpdateSchema Updated_LULC_dissolve "&lt;operationSequence&gt;&lt;workflow&gt;&lt;AssignDomainToField&gt;&lt;field_name&gt;info&lt;/field_name&gt;&lt;domain_name&gt;Artificial surfaces&lt;/domain_name&gt;&lt;subtype_code&gt;1&lt;/subtype_code&gt;&lt;/AssignDomainToField&gt;&lt;/workflow&gt;&lt;workflow&gt;&lt;AssignDomainToField&gt;&lt;field_name&gt;info&lt;/field_name&gt;&lt;domain_name&gt;Agricultural areas&lt;/domain_name&gt;&lt;subtype_code&gt;2&lt;/subtype_code&gt;&lt;/AssignDomainToField&gt;&lt;/workflow&gt;&lt;workflow&gt;&lt;AssignDomainToField&gt;&lt;field_name&gt;info&lt;/field_name&gt;&lt;domain_name&gt;Natural and semi natural areas&lt;/domain_name&gt;&lt;subtype_code&gt;3&lt;/subtype_code&gt;&lt;/AssignDomainToField&gt;&lt;/workflow&gt;&lt;workflow&gt;&lt;AssignDomainToField&gt;&lt;field_name&gt;info&lt;/field_name&gt;&lt;domain_name&gt;Wetlands&lt;/domain_name&gt;&lt;subtype_code&gt;4&lt;/subtype_code&gt;&lt;/AssignDomainToField&gt;&lt;/workflow&gt;&lt;workflow&gt;&lt;AssignDomainToField&gt;&lt;field_name&gt;info&lt;/field_name&gt;&lt;domain_name&gt;Water&lt;/domain_name&gt;&lt;subtype_code&gt;5&lt;/subtype_code&gt;&lt;/AssignDomainToField&gt;&lt;/workflow&gt;&lt;/operationSequence&gt;"</Process><Process ToolSource="c:\program files\arcgis\pro\Resources\ArcToolbox\toolboxes\Analysis Tools.tbx\Erase" Date="20240620" Time="075152">Erase Updated_LULC_dissolve carreteras_Teresa "W:\ITE\01_PROYECTOS\RRM_FLEX\Rumania Flood\3_Process\2_P2\ArcGISPro_Updated_LULC\Default.gdb\Updated_LULC_dissolve_Erase_carreteras" #</Process><Process ToolSource="c:\program files\arcgis\pro\Resources\ArcToolbox\toolboxes\Data Management Tools.tbx\UpdateSchema" Date="20240620" Time="080055">UpdateSchema Updated_LULC_dissolve_Erase_carreteras_NIVEL1 "&lt;operationSequence&gt;&lt;workflow&gt;&lt;SetSubtypeField&gt;&lt;field_name&gt;obj_type2&lt;/field_name&gt;&lt;/SetSubtypeField&gt;&lt;/workflow&gt;&lt;workflow&gt;&lt;AddSubtype&gt;&lt;subtype_code&gt;1&lt;/subtype_code&gt;&lt;subtype_description&gt;Artificial surfaces&lt;/subtype_description&gt;&lt;/AddSubtype&gt;&lt;/workflow&gt;&lt;workflow&gt;&lt;AddSubtype&gt;&lt;subtype_code&gt;2&lt;/subtype_code&gt;&lt;subtype_description&gt;Agricultural areas&lt;/subtype_description&gt;&lt;/AddSubtype&gt;&lt;/workflow&gt;&lt;workflow&gt;&lt;AddSubtype&gt;&lt;subtype_code&gt;3&lt;/subtype_code&gt;&lt;subtype_description&gt;Natural and semi-natural areas&lt;/subtype_description&gt;&lt;/AddSubtype&gt;&lt;/workflow&gt;&lt;workflow&gt;&lt;AddSubtype&gt;&lt;subtype_code&gt;4&lt;/subtype_code&gt;&lt;subtype_description&gt;Wetlands&lt;/subtype_description&gt;&lt;/AddSubtype&gt;&lt;/workflow&gt;&lt;workflow&gt;&lt;AddSubtype&gt;&lt;subtype_code&gt;5&lt;/subtype_code&gt;&lt;subtype_description&gt;Water&lt;/subtype_description&gt;&lt;/AddSubtype&gt;&lt;/workflow&gt;&lt;workflow&gt;&lt;SetDefaultSubtype&gt;&lt;subtype_code&gt;1&lt;/subtype_code&gt;&lt;/SetDefaultSubtype&gt;&lt;/workflow&gt;&lt;/operationSequence&gt;"</Process><Process ToolSource="c:\program files\arcgis\pro\Resources\ArcToolbox\toolboxes\Data Management Tools.tbx\UpdateSchema" Date="20240620" Time="080255">UpdateSchema Updated_LULC_dissolve_Erase_carreteras_NIVEL1 "&lt;operationSequence&gt;&lt;workflow&gt;&lt;AssignDomainToField&gt;&lt;field_name&gt;info&lt;/field_name&gt;&lt;domain_name&gt;Artificial surfaces&lt;/domain_name&gt;&lt;subtype_code&gt;1&lt;/subtype_code&gt;&lt;/AssignDomainToField&gt;&lt;/workflow&gt;&lt;workflow&gt;&lt;AssignDomainToField&gt;&lt;field_name&gt;info&lt;/field_name&gt;&lt;domain_name&gt;Agricultural areas&lt;/domain_name&gt;&lt;subtype_code&gt;2&lt;/subtype_code&gt;&lt;/AssignDomainToField&gt;&lt;/workflow&gt;&lt;workflow&gt;&lt;AssignDomainToField&gt;&lt;field_name&gt;info&lt;/field_name&gt;&lt;domain_name&gt;Natural and semi natural areas&lt;/domain_name&gt;&lt;subtype_code&gt;3&lt;/subtype_code&gt;&lt;/AssignDomainToField&gt;&lt;/workflow&gt;&lt;workflow&gt;&lt;AssignDomainToField&gt;&lt;field_name&gt;info&lt;/field_name&gt;&lt;domain_name&gt;Wetlands&lt;/domain_name&gt;&lt;subtype_code&gt;4&lt;/subtype_code&gt;&lt;/AssignDomainToField&gt;&lt;/workflow&gt;&lt;workflow&gt;&lt;AssignDomainToField&gt;&lt;field_name&gt;info&lt;/field_name&gt;&lt;domain_name&gt;Water&lt;/domain_name&gt;&lt;subtype_code&gt;5&lt;/subtype_code&gt;&lt;/AssignDomainToField&gt;&lt;/workflow&gt;&lt;/operationSequence&gt;"</Process><Process ToolSource="c:\program files\arcgis\pro\Resources\ArcToolbox\toolboxes\Conversion Tools.tbx\FeatureClassToFeatureClass" Date="20240620" Time="101711">FeatureClassToFeatureClass Updated_LULC_dissolve_Erase_carreteras "W:\ITE\01_PROYECTOS\RRM_FLEX\Rumania Flood\3_Process\2_P2\ArcGISPro_Updated_LULC\Default.gdb\Updated_LULC_TRACASA" Updated_LULC_2 # "obj_type "Subtype (Element type)" true true false 4 Long 0 0,First,#,Updated_LULC_dissolve_Erase_carreteras,obj_type,-1,-1;info "LULC classes" true true false 255 Text 0 0,First,#,Updated_LULC_dissolve_Erase_carreteras,info,0,255;info2 "LULC class2" true true false 255 Text 0 0,First,#,Updated_LULC_dissolve_Erase_carreteras,info2,0,255;obj_type2 "Subtype2" true true false 4 Long 0 0,First,#,Updated_LULC_dissolve_Erase_carreteras,obj_type2,-1,-1;Shape_Length "Shape_Length" false true true 8 Double 0 0,First,#,Updated_LULC_dissolve_Erase_carreteras,Shape_Length,-1,-1;Shape_Area "Shape_Area" false true true 8 Double 0 0,First,#,Updated_LULC_dissolve_Erase_carreteras,Shape_Area,-1,-1" #</Process><Process ToolSource="c:\program files\arcgis\pro\Resources\ArcToolbox\toolboxes\Data Management Tools.tbx\Dissolve" Date="20240620" Time="102511">Dissolve Updated_LULC_2 "W:\ITE\01_PROYECTOS\RRM_FLEX\Rumania Flood\3_Process\2_P2\ArcGISPro_Updated_LULC\Default.gdb\Updated_LULC_TRACASA\Updated_LULC_2_Dissolve" obj_type2;info;info2 # SINGLE_PART DISSOLVE_LINES</Process><Process ToolSource="c:\program files\arcgis\pro\Resources\ArcToolbox\toolboxes\Data Management Tools.tbx\UpdateSchema" Date="20240620" Time="103538">UpdateSchema Updated_LULC_2_Dissolve "&lt;operationSequence&gt;&lt;workflow&gt;&lt;SetSubtypeField&gt;&lt;field_name&gt;obj_type2&lt;/field_name&gt;&lt;/SetSubtypeField&gt;&lt;/workflow&gt;&lt;workflow&gt;&lt;AddSubtype&gt;&lt;subtype_code&gt;1&lt;/subtype_code&gt;&lt;subtype_description&gt;Artificial surfaces&lt;/subtype_description&gt;&lt;/AddSubtype&gt;&lt;/workflow&gt;&lt;workflow&gt;&lt;AssignDomainToField&gt;&lt;field_name&gt;info&lt;/field_name&gt;&lt;domain_name&gt;Artificial surfaces&lt;/domain_name&gt;&lt;subtype_code&gt;1&lt;/subtype_code&gt;&lt;/AssignDomainToField&gt;&lt;/workflow&gt;&lt;workflow&gt;&lt;AddSubtype&gt;&lt;subtype_code&gt;2&lt;/subtype_code&gt;&lt;subtype_description&gt;Agricultural areas&lt;/subtype_description&gt;&lt;/AddSubtype&gt;&lt;/workflow&gt;&lt;workflow&gt;&lt;AssignDomainToField&gt;&lt;field_name&gt;info&lt;/field_name&gt;&lt;domain_name&gt;Agricultural areas&lt;/domain_name&gt;&lt;subtype_code&gt;2&lt;/subtype_code&gt;&lt;/AssignDomainToField&gt;&lt;/workflow&gt;&lt;workflow&gt;&lt;AddSubtype&gt;&lt;subtype_code&gt;3&lt;/subtype_code&gt;&lt;subtype_description&gt;Natural and semi-natural areas&lt;/subtype_description&gt;&lt;/AddSubtype&gt;&lt;/workflow&gt;&lt;workflow&gt;&lt;AssignDomainToField&gt;&lt;field_name&gt;info&lt;/field_name&gt;&lt;domain_name&gt;Natural and semi natural areas&lt;/domain_name&gt;&lt;subtype_code&gt;3&lt;/subtype_code&gt;&lt;/AssignDomainToField&gt;&lt;/workflow&gt;&lt;workflow&gt;&lt;AddSubtype&gt;&lt;subtype_code&gt;4&lt;/subtype_code&gt;&lt;subtype_description&gt;Wetlands&lt;/subtype_description&gt;&lt;/AddSubtype&gt;&lt;/workflow&gt;&lt;workflow&gt;&lt;AssignDomainToField&gt;&lt;field_name&gt;info&lt;/field_name&gt;&lt;domain_name&gt;Wetlands&lt;/domain_name&gt;&lt;subtype_code&gt;4&lt;/subtype_code&gt;&lt;/AssignDomainToField&gt;&lt;/workflow&gt;&lt;workflow&gt;&lt;AddSubtype&gt;&lt;subtype_code&gt;5&lt;/subtype_code&gt;&lt;subtype_description&gt;Water&lt;/subtype_description&gt;&lt;/AddSubtype&gt;&lt;/workflow&gt;&lt;workflow&gt;&lt;AssignDomainToField&gt;&lt;field_name&gt;info&lt;/field_name&gt;&lt;domain_name&gt;Water&lt;/domain_name&gt;&lt;subtype_code&gt;5&lt;/subtype_code&gt;&lt;/AssignDomainToField&gt;&lt;/workflow&gt;&lt;workflow&gt;&lt;SetDefaultSubtype&gt;&lt;subtype_code&gt;1&lt;/subtype_code&gt;&lt;/SetDefaultSubtype&gt;&lt;/workflow&gt;&lt;/operationSequence&gt;"</Process><Process ToolSource="c:\program files\arcgis\pro\Resources\ArcToolbox\toolboxes\Analysis Tools.tbx\Clip" Date="20240620" Time="105519">Clip Updated_LULC_2_Dissolve Annex1_AOI_UTM "W:\ITE\01_PROYECTOS\RRM_FLEX\Rumania Flood\3_Process\2_P2\ArcGISPro_Updated_LULC_TERESA\Default.gdb\Updated_LULC_teresa\Updated_LULC_reviewed" #</Process><Process ToolSource="c:\program files\arcgis\pro\Resources\ArcToolbox\Toolboxes\Data Management Tools.tbx\UpdateSchema" Date="20240620" Time="132405">UpdateSchema Updated_LULC_reviewed "&lt;operationSequence&gt;&lt;workflow&gt;&lt;SetSubtypeField&gt;&lt;field_name&gt;obj_type2&lt;/field_name&gt;&lt;/SetSubtypeField&gt;&lt;/workflow&gt;&lt;workflow&gt;&lt;AddSubtype&gt;&lt;subtype_code&gt;1&lt;/subtype_code&gt;&lt;subtype_description&gt;Artificial surfaces&lt;/subtype_description&gt;&lt;/AddSubtype&gt;&lt;/workflow&gt;&lt;workflow&gt;&lt;AssignDomainToField&gt;&lt;field_name&gt;info&lt;/field_name&gt;&lt;domain_name&gt;Artificial surfaces&lt;/domain_name&gt;&lt;subtype_code&gt;1&lt;/subtype_code&gt;&lt;/AssignDomainToField&gt;&lt;/workflow&gt;&lt;workflow&gt;&lt;AddSubtype&gt;&lt;subtype_code&gt;2&lt;/subtype_code&gt;&lt;subtype_description&gt;Agricultural areas&lt;/subtype_description&gt;&lt;/AddSubtype&gt;&lt;/workflow&gt;&lt;workflow&gt;&lt;AssignDomainToField&gt;&lt;field_name&gt;info&lt;/field_name&gt;&lt;domain_name&gt;Agricultural areas&lt;/domain_name&gt;&lt;subtype_code&gt;2&lt;/subtype_code&gt;&lt;/AssignDomainToField&gt;&lt;/workflow&gt;&lt;workflow&gt;&lt;AddSubtype&gt;&lt;subtype_code&gt;3&lt;/subtype_code&gt;&lt;subtype_description&gt;Natural and semi-natural areas&lt;/subtype_description&gt;&lt;/AddSubtype&gt;&lt;/workflow&gt;&lt;workflow&gt;&lt;AssignDomainToField&gt;&lt;field_name&gt;info&lt;/field_name&gt;&lt;domain_name&gt;Natural and semi natural areas&lt;/domain_name&gt;&lt;subtype_code&gt;3&lt;/subtype_code&gt;&lt;/AssignDomainToField&gt;&lt;/workflow&gt;&lt;workflow&gt;&lt;AddSubtype&gt;&lt;subtype_code&gt;4&lt;/subtype_code&gt;&lt;subtype_description&gt;Wetlands&lt;/subtype_description&gt;&lt;/AddSubtype&gt;&lt;/workflow&gt;&lt;workflow&gt;&lt;AssignDomainToField&gt;&lt;field_name&gt;info&lt;/field_name&gt;&lt;domain_name&gt;Wetlands&lt;/domain_name&gt;&lt;subtype_code&gt;4&lt;/subtype_code&gt;&lt;/AssignDomainToField&gt;&lt;/workflow&gt;&lt;workflow&gt;&lt;AddSubtype&gt;&lt;subtype_code&gt;5&lt;/subtype_code&gt;&lt;subtype_description&gt;Water&lt;/subtype_description&gt;&lt;/AddSubtype&gt;&lt;/workflow&gt;&lt;workflow&gt;&lt;AssignDomainToField&gt;&lt;field_name&gt;info&lt;/field_name&gt;&lt;domain_name&gt;Water&lt;/domain_name&gt;&lt;subtype_code&gt;5&lt;/subtype_code&gt;&lt;/AssignDomainToField&gt;&lt;/workflow&gt;&lt;workflow&gt;&lt;SetDefaultSubtype&gt;&lt;subtype_code&gt;1&lt;/subtype_code&gt;&lt;/SetDefaultSubtype&gt;&lt;/workflow&gt;&lt;/operationSequence&gt;"</Process><Process ToolSource="c:\program files\arcgis\pro\Resources\ArcToolbox\toolboxes\Analysis Tools.tbx\Erase" Date="20240624" Time="105411">Erase Updated_LULC_reviewed P1_FINAL "Q:\ITE\01_PROYECTOS\RRM_FLEX\Rumania Flood\3_Process\2_P2\ArcGISPro_Updated_LULC_TERESA\Default.gdb\Updated_LULC_teresa\Updated_LULC_reviewed_buildings" #</Process><Process ToolSource="c:\program files\arcgis\pro\Resources\ArcToolbox\toolboxes\Data Management Tools.tbx\UpdateSchema" Date="20240624" Time="110901">UpdateSchema Updated_LULC_reviewed_buildings "&lt;operationSequence&gt;&lt;workflow&gt;&lt;SetSubtypeField&gt;&lt;field_name&gt;obj_type2&lt;/field_name&gt;&lt;/SetSubtypeField&gt;&lt;/workflow&gt;&lt;workflow&gt;&lt;AddSubtype&gt;&lt;subtype_code&gt;1&lt;/subtype_code&gt;&lt;subtype_description&gt;Artificial surfaces&lt;/subtype_description&gt;&lt;/AddSubtype&gt;&lt;/workflow&gt;&lt;workflow&gt;&lt;AddSubtype&gt;&lt;subtype_code&gt;2&lt;/subtype_code&gt;&lt;subtype_description&gt;Agricultural areas&lt;/subtype_description&gt;&lt;/AddSubtype&gt;&lt;/workflow&gt;&lt;workflow&gt;&lt;AddSubtype&gt;&lt;subtype_code&gt;3&lt;/subtype_code&gt;&lt;subtype_description&gt;Natural and semi-natural areas&lt;/subtype_description&gt;&lt;/AddSubtype&gt;&lt;/workflow&gt;&lt;workflow&gt;&lt;AddSubtype&gt;&lt;subtype_code&gt;4&lt;/subtype_code&gt;&lt;subtype_description&gt;Wetlands&lt;/subtype_description&gt;&lt;/AddSubtype&gt;&lt;/workflow&gt;&lt;workflow&gt;&lt;AddSubtype&gt;&lt;subtype_code&gt;5&lt;/subtype_code&gt;&lt;subtype_description&gt;Water&lt;/subtype_description&gt;&lt;/AddSubtype&gt;&lt;/workflow&gt;&lt;workflow&gt;&lt;SetDefaultSubtype&gt;&lt;subtype_code&gt;1&lt;/subtype_code&gt;&lt;/SetDefaultSubtype&gt;&lt;/workflow&gt;&lt;/operationSequence&gt;"</Process><Process ToolSource="c:\program files\arcgis\pro\Resources\ArcToolbox\toolboxes\Data Management Tools.tbx\UpdateSchema" Date="20240624" Time="110941">UpdateSchema Updated_LULC_reviewed_buildings "&lt;operationSequence&gt;&lt;workflow&gt;&lt;AssignDomainToField&gt;&lt;field_name&gt;info&lt;/field_name&gt;&lt;domain_name&gt;Artificial surfaces&lt;/domain_name&gt;&lt;subtype_code&gt;1&lt;/subtype_code&gt;&lt;/AssignDomainToField&gt;&lt;/workflow&gt;&lt;workflow&gt;&lt;AssignDomainToField&gt;&lt;field_name&gt;info&lt;/field_name&gt;&lt;domain_name&gt;Agricultural areas&lt;/domain_name&gt;&lt;subtype_code&gt;2&lt;/subtype_code&gt;&lt;/AssignDomainToField&gt;&lt;/workflow&gt;&lt;workflow&gt;&lt;AssignDomainToField&gt;&lt;field_name&gt;info&lt;/field_name&gt;&lt;domain_name&gt;Natural and semi natural areas&lt;/domain_name&gt;&lt;subtype_code&gt;3&lt;/subtype_code&gt;&lt;/AssignDomainToField&gt;&lt;/workflow&gt;&lt;workflow&gt;&lt;AssignDomainToField&gt;&lt;field_name&gt;info&lt;/field_name&gt;&lt;domain_name&gt;Wetlands&lt;/domain_name&gt;&lt;subtype_code&gt;4&lt;/subtype_code&gt;&lt;/AssignDomainToField&gt;&lt;/workflow&gt;&lt;workflow&gt;&lt;AssignDomainToField&gt;&lt;field_name&gt;info&lt;/field_name&gt;&lt;domain_name&gt;Water&lt;/domain_name&gt;&lt;subtype_code&gt;5&lt;/subtype_code&gt;&lt;/AssignDomainToField&gt;&lt;/workflow&gt;&lt;/operationSequence&gt;"</Process><Process ToolSource="c:\program files\arcgis\pro\Resources\ArcToolbox\toolboxes\Data Management Tools.tbx\CalculateField" Date="20240624" Time="112237">CalculateField Updated_LULC_reviewed_buildings info "Residential building" "Python 3" # Text NO_ENFORCE_DOMAINS</Process><Process ToolSource="c:\program files\arcgis\pro\Resources\ArcToolbox\toolboxes\Data Management Tools.tbx\CalculateField" Date="20240624" Time="113004">CalculateField Updated_LULC_reviewed_buildings info "No residential building" "Python 3" # Text NO_ENFORCE_DOMAINS</Process><Process ToolSource="c:\program files\arcgis\pro\Resources\ArcToolbox\toolboxes\Data Management Tools.tbx\CalculateField" Date="20240625" Time="132516">CalculateField Updated_LULC_reviewed_buildings info "Land without current use" "Python 3" # Text NO_ENFORCE_DOMAINS</Process><Process ToolSource="c:\program files\arcgis\pro\Resources\ArcToolbox\toolboxes\Data Management Tools.tbx\CalculateField" Date="20240625" Time="132744">CalculateField Updated_LULC_reviewed_buildings info 12 "Python 3" # Text NO_ENFORCE_DOMAINS</Process><Process ToolSource="c:\program files\arcgis\pro\Resources\ArcToolbox\toolboxes\Data Management Tools.tbx\CalculateField" Date="20240625" Time="132804">CalculateField Updated_LULC_reviewed_buildings info 12 "Python 3" # Text NO_ENFORCE_DOMAINS</Process><Process ToolSource="c:\program files\arcgis\pro\Resources\ArcToolbox\toolboxes\Data Management Tools.tbx\CalculateField" Date="20240625" Time="132929">CalculateField Updated_LULC_reviewed_buildings info 12 "Python 3" # Text NO_ENFORCE_DOMAINS</Process><Process ToolSource="c:\program files\arcgis\pro\Resources\ArcToolbox\toolboxes\Data Management Tools.tbx\CalculateField" Date="20240625" Time="163916">CalculateField Updated_LULC_reviewed_buildings info 12 "Python 3" # Text NO_ENFORCE_DOMAINS</Process><Process ToolSource="c:\program files\arcgis\pro\Resources\ArcToolbox\toolboxes\Data Management Tools.tbx\Dissolve" Date="20240625" Time="164453">Dissolve Updated_LULC_reviewed_buildings "Q:\ITE\01_PROYECTOS\RRM_FLEX\Rumania Flood\3_Process\2_P2\ArcGISPro_Updated_LULC_TERESA\Default.gdb\Updated_LULC_teresa\Updated_LULC_reviewed_buildings_dis" obj_type2;info # SINGLE_PART DISSOLVE_LINES</Process><Process ToolSource="c:\program files\arcgis\pro\Resources\ArcToolbox\toolboxes\Data Management Tools.tbx\Merge" Date="20240626" Time="114058">Merge Updated_LULC_reviewed_buildings_dis;Updated_LULC_3 "Q:\ITE\01_PROYECTOS\RRM_FLEX\Rumania Flood\3_Process\2_P2\ArcGISPro_Updated_LULC\Default.gdb\Product_P2\Updated_LULC_merge" "info "LULC classes" true true false 255 Text 0 0,First,#,Updated_LULC_reviewed_buildings_dis,info,0,255,Updated_LULC_3,info,0,255;obj_type2 "Subtype2" true true false 4 Long 0 0,First,#,Updated_LULC_reviewed_buildings_dis,obj_type2,-1,-1,Updated_LULC_3,obj_type2,-1,-1;Shape_Length "Shape_Length" false true true 8 Double 0 0,First,#,Updated_LULC_reviewed_buildings_dis,Shape_Length,-1,-1,Updated_LULC_3,Shape_Length,-1,-1;Shape_Area "Shape_Area" false true true 8 Double 0 0,First,#,Updated_LULC_reviewed_buildings_dis,Shape_Area,-1,-1,Updated_LULC_3,Shape_Area,-1,-1" NO_SOURCE_INFO</Process><Process ToolSource="c:\program files\arcgis\pro\Resources\ArcToolbox\toolboxes\Data Management Tools.tbx\CalculateField" Date="20240626" Time="121359">CalculateField Updated_LULC_merge info 1 "Python 3" # Text NO_ENFORCE_DOMAINS</Process><Process ToolSource="c:\program files\arcgis\pro\Resources\ArcToolbox\toolboxes\Data Management Tools.tbx\CalculateField" Date="20240626" Time="122351">CalculateField Updated_LULC_merge info 4 "Python 3" # Text NO_ENFORCE_DOMAINS</Process><Process ToolSource="c:\program files\arcgis\pro\Resources\ArcToolbox\toolboxes\Data Management Tools.tbx\UpdateSchema" Date="20240627" Time="072146">UpdateSchema Updated_LULC_merge "&lt;operationSequence&gt;&lt;workflow&gt;&lt;SetSubtypeField&gt;&lt;field_name&gt;obj_type2&lt;/field_name&gt;&lt;/SetSubtypeField&gt;&lt;/workflow&gt;&lt;workflow&gt;&lt;AddSubtype&gt;&lt;subtype_code&gt;1&lt;/subtype_code&gt;&lt;subtype_description&gt;Artificial surfaces&lt;/subtype_description&gt;&lt;/AddSubtype&gt;&lt;/workflow&gt;&lt;workflow&gt;&lt;AssignDomainToField&gt;&lt;field_name&gt;info&lt;/field_name&gt;&lt;domain_name&gt;Artificial surfaces&lt;/domain_name&gt;&lt;subtype_code&gt;1&lt;/subtype_code&gt;&lt;/AssignDomainToField&gt;&lt;/workflow&gt;&lt;workflow&gt;&lt;AddSubtype&gt;&lt;subtype_code&gt;2&lt;/subtype_code&gt;&lt;subtype_description&gt;Agricultural areas&lt;/subtype_description&gt;&lt;/AddSubtype&gt;&lt;/workflow&gt;&lt;workflow&gt;&lt;AssignDomainToField&gt;&lt;field_name&gt;info&lt;/field_name&gt;&lt;domain_name&gt;Agricultural areas&lt;/domain_name&gt;&lt;subtype_code&gt;2&lt;/subtype_code&gt;&lt;/AssignDomainToField&gt;&lt;/workflow&gt;&lt;workflow&gt;&lt;AddSubtype&gt;&lt;subtype_code&gt;3&lt;/subtype_code&gt;&lt;subtype_description&gt;Natural and semi-natural areas&lt;/subtype_description&gt;&lt;/AddSubtype&gt;&lt;/workflow&gt;&lt;workflow&gt;&lt;AssignDomainToField&gt;&lt;field_name&gt;info&lt;/field_name&gt;&lt;domain_name&gt;Natural and semi natural areas&lt;/domain_name&gt;&lt;subtype_code&gt;3&lt;/subtype_code&gt;&lt;/AssignDomainToField&gt;&lt;/workflow&gt;&lt;workflow&gt;&lt;AddSubtype&gt;&lt;subtype_code&gt;4&lt;/subtype_code&gt;&lt;subtype_description&gt;Wetlands&lt;/subtype_description&gt;&lt;/AddSubtype&gt;&lt;/workflow&gt;&lt;workflow&gt;&lt;AssignDomainToField&gt;&lt;field_name&gt;info&lt;/field_name&gt;&lt;domain_name&gt;Wetlands&lt;/domain_name&gt;&lt;subtype_code&gt;4&lt;/subtype_code&gt;&lt;/AssignDomainToField&gt;&lt;/workflow&gt;&lt;workflow&gt;&lt;AddSubtype&gt;&lt;subtype_code&gt;5&lt;/subtype_code&gt;&lt;subtype_description&gt;Water&lt;/subtype_description&gt;&lt;/AddSubtype&gt;&lt;/workflow&gt;&lt;workflow&gt;&lt;AssignDomainToField&gt;&lt;field_name&gt;info&lt;/field_name&gt;&lt;domain_name&gt;Water&lt;/domain_name&gt;&lt;subtype_code&gt;5&lt;/subtype_code&gt;&lt;/AssignDomainToField&gt;&lt;/workflow&gt;&lt;workflow&gt;&lt;SetDefaultSubtype&gt;&lt;subtype_code&gt;1&lt;/subtype_code&gt;&lt;/SetDefaultSubtype&gt;&lt;/workflow&gt;&lt;/operationSequence&gt;"</Process><Process ToolSource="c:\program files\arcgis\pro\Resources\ArcToolbox\toolboxes\Data Management Tools.tbx\UpdateSchema" Date="20240627" Time="072719">UpdateSchema "CIMDATA=&lt;CIMFeatureDatasetDataConnection xsi:type='typens:CIMFeatureDatasetDataConnection' xmlns:xsi='http://www.w3.org/2001/XMLSchema-instance' xmlns:xs='http://www.w3.org/2001/XMLSchema' xmlns:typens='http://www.esri.com/schemas/ArcGIS/2.9.0'&gt;&lt;FeatureDataset&gt;Product_P2&lt;/FeatureDataset&gt;&lt;WorkspaceConnectionString&gt;DATABASE=W:\ITE\01_PROYECTOS\RRM_FLEX\Rumania Flood\3_Process\2_P2\ArcGISPro_Updated_LULC\Default.gdb&lt;/WorkspaceConnectionString&gt;&lt;WorkspaceFactory&gt;FileGDB&lt;/WorkspaceFactory&gt;&lt;Dataset&gt;Updated_LULC_merge&lt;/Dataset&gt;&lt;DatasetType&gt;esriDTFeatureClass&lt;/DatasetType&gt;&lt;/CIMFeatureDatasetDataConnection&gt;" &lt;operationSequence&gt;&lt;workflow&gt;&lt;AddField&gt;&lt;field_name&gt;class&lt;/field_name&gt;&lt;field_type&gt;TEXT&lt;/field_type&gt;&lt;field_length&gt;255&lt;/field_length&gt;&lt;field_alias&gt;class&lt;/field_alias&gt;&lt;field_is_nullable&gt;True&lt;/field_is_nullable&gt;&lt;field_is_required&gt;False&lt;/field_is_required&gt;&lt;/AddField&gt;&lt;/workflow&gt;&lt;/operationSequence&gt;</Process><Process ToolSource="c:\program files\arcgis\pro\Resources\ArcToolbox\toolboxes\Data Management Tools.tbx\CalculateField" Date="20240627" Time="072740">CalculateField Updated_LULC_merge class !info! "Python 3" # Text NO_ENFORCE_DOMAINS</Process><Process ToolSource="c:\program files\arcgis\pro\Resources\ArcToolbox\toolboxes\Conversion Tools.tbx\FeatureClassToFeatureClass" Date="20240627" Time="073304">FeatureClassToFeatureClass Updated_LULC_merge "W:\ITE\01_PROYECTOS\RRM_FLEX\Rumania Flood\3_Process\2_P2\ArcGISPro_Updated_LULC\Default.gdb\Product_P2" P02_LandUseLandCover # "info "LULC classes" true true false 255 Text 0 0,First,#,Updated_LULC_merge,info,0,255;obj_type2 "Subtype2" true true false 4 Long 0 0,First,#,Updated_LULC_merge,obj_type2,-1,-1;Shape_Length "Shape_Length" false true true 8 Double 0 0,First,#,Updated_LULC_merge,Shape_Length,-1,-1;Shape_Area "Shape_Area" false true true 8 Double 0 0,First,#,Updated_LULC_merge,Shape_Area,-1,-1;class "class" true true false 255 Text 0 0,First,#,Updated_LULC_merge,class,0,255" #</Process><Process ToolSource="c:\program files\arcgis\pro\Resources\ArcToolbox\toolboxes\Data Management Tools.tbx\UpdateSchema" Date="20240627" Time="073436">UpdateSchema "CIMDATA=&lt;CIMFeatureDatasetDataConnection xsi:type='typens:CIMFeatureDatasetDataConnection' xmlns:xsi='http://www.w3.org/2001/XMLSchema-instance' xmlns:xs='http://www.w3.org/2001/XMLSchema' xmlns:typens='http://www.esri.com/schemas/ArcGIS/2.9.0'&gt;&lt;FeatureDataset&gt;Product_P2&lt;/FeatureDataset&gt;&lt;WorkspaceConnectionString&gt;DATABASE=W:\ITE\01_PROYECTOS\RRM_FLEX\Rumania Flood\3_Process\2_P2\ArcGISPro_Updated_LULC\Default.gdb&lt;/WorkspaceConnectionString&gt;&lt;WorkspaceFactory&gt;FileGDB&lt;/WorkspaceFactory&gt;&lt;Dataset&gt;P02_LandUseLandCover&lt;/Dataset&gt;&lt;DatasetType&gt;esriDTFeatureClass&lt;/DatasetType&gt;&lt;/CIMFeatureDatasetDataConnection&gt;" &lt;operationSequence&gt;&lt;workflow&gt;&lt;AddField&gt;&lt;field_name&gt;klasea&lt;/field_name&gt;&lt;field_type&gt;TEXT&lt;/field_type&gt;&lt;field_length&gt;255&lt;/field_length&gt;&lt;field_alias&gt;klasea&lt;/field_alias&gt;&lt;field_is_nullable&gt;True&lt;/field_is_nullable&gt;&lt;field_is_required&gt;False&lt;/field_is_required&gt;&lt;/AddField&gt;&lt;/workflow&gt;&lt;/operationSequence&gt;</Process><Process ToolSource="c:\program files\arcgis\pro\Resources\ArcToolbox\toolboxes\Data Management Tools.tbx\UpdateSchema" Date="20240627" Time="073601">UpdateSchema "CIMDATA=&lt;CIMFeatureDatasetDataConnection xsi:type='typens:CIMFeatureDatasetDataConnection' xmlns:xsi='http://www.w3.org/2001/XMLSchema-instance' xmlns:xs='http://www.w3.org/2001/XMLSchema' xmlns:typens='http://www.esri.com/schemas/ArcGIS/2.9.0'&gt;&lt;FeatureDataset&gt;Product_P2&lt;/FeatureDataset&gt;&lt;WorkspaceConnectionString&gt;DATABASE=W:\ITE\01_PROYECTOS\RRM_FLEX\Rumania Flood\3_Process\2_P2\ArcGISPro_Updated_LULC\Default.gdb&lt;/WorkspaceConnectionString&gt;&lt;WorkspaceFactory&gt;FileGDB&lt;/WorkspaceFactory&gt;&lt;Dataset&gt;P02_LandUseLandCover&lt;/Dataset&gt;&lt;DatasetType&gt;esriDTFeatureClass&lt;/DatasetType&gt;&lt;/CIMFeatureDatasetDataConnection&gt;" &lt;operationSequence&gt;&lt;workflow&gt;&lt;AddField&gt;&lt;field_name&gt;kk&lt;/field_name&gt;&lt;field_type&gt;LONG&lt;/field_type&gt;&lt;field_alias&gt;kk&lt;/field_alias&gt;&lt;field_is_nullable&gt;True&lt;/field_is_nullable&gt;&lt;field_is_required&gt;False&lt;/field_is_required&gt;&lt;/AddField&gt;&lt;/workflow&gt;&lt;/operationSequence&gt;</Process><Process ToolSource="c:\program files\arcgis\pro\Resources\ArcToolbox\toolboxes\Data Management Tools.tbx\DeleteField" Date="20240627" Time="073641">DeleteField P02_LandUseLandCover kk "Delete Fields"</Process><Process ToolSource="c:\program files\arcgis\pro\Resources\ArcToolbox\toolboxes\Data Management Tools.tbx\CalculateField" Date="20240627" Time="073711">CalculateField P02_LandUseLandCover klasea 1 "Python 3" # Text NO_ENFORCE_DOMAINS</Process><Process ToolSource="c:\program files\arcgis\pro\Resources\ArcToolbox\toolboxes\Data Management Tools.tbx\CalculateField" Date="20240627" Time="073736">CalculateField P02_LandUseLandCover klasea 2 "Python 3" # Text NO_ENFORCE_DOMAINS</Process><Process ToolSource="c:\program files\arcgis\pro\Resources\ArcToolbox\toolboxes\Data Management Tools.tbx\CalculateField" Date="20240627" Time="073800">CalculateField P02_LandUseLandCover klasea 4 "Python 3" # Text NO_ENFORCE_DOMAINS</Process><Process ToolSource="c:\program files\arcgis\pro\Resources\ArcToolbox\toolboxes\Data Management Tools.tbx\CalculateField" Date="20240627" Time="073818">CalculateField P02_LandUseLandCover klasea 5 "Python 3" # Text NO_ENFORCE_DOMAINS</Process><Process ToolSource="c:\program files\arcgis\pro\Resources\ArcToolbox\toolboxes\Data Management Tools.tbx\CalculateField" Date="20240627" Time="073841">CalculateField P02_LandUseLandCover klasea 10 "Python 3" # Text NO_ENFORCE_DOMAINS</Process><Process ToolSource="c:\program files\arcgis\pro\Resources\ArcToolbox\toolboxes\Data Management Tools.tbx\CalculateField" Date="20240627" Time="073853">CalculateField P02_LandUseLandCover klasea 11 "Python 3" # Text NO_ENFORCE_DOMAINS</Process><Process ToolSource="c:\program files\arcgis\pro\Resources\ArcToolbox\toolboxes\Data Management Tools.tbx\CalculateField" Date="20240627" Time="073906">CalculateField P02_LandUseLandCover klasea 12 "Python 3" # Text NO_ENFORCE_DOMAINS</Process><Process ToolSource="c:\program files\arcgis\pro\Resources\ArcToolbox\toolboxes\Data Management Tools.tbx\CalculateField" Date="20240627" Time="073915">CalculateField P02_LandUseLandCover klasea 13 "Python 3" # Text NO_ENFORCE_DOMAINS</Process><Process ToolSource="c:\program files\arcgis\pro\Resources\ArcToolbox\toolboxes\Data Management Tools.tbx\CalculateField" Date="20240627" Time="073925">CalculateField P02_LandUseLandCover klasea 14 "Python 3" # Text NO_ENFORCE_DOMAINS</Process><Process ToolSource="c:\program files\arcgis\pro\Resources\ArcToolbox\toolboxes\Data Management Tools.tbx\CalculateField" Date="20240627" Time="073935">CalculateField P02_LandUseLandCover klasea 15 "Python 3" # Text NO_ENFORCE_DOMAINS</Process><Process ToolSource="c:\program files\arcgis\pro\Resources\ArcToolbox\toolboxes\Data Management Tools.tbx\CalculateField" Date="20240627" Time="073945">CalculateField P02_LandUseLandCover klasea 16 "Python 3" # Text NO_ENFORCE_DOMAINS</Process><Process ToolSource="c:\program files\arcgis\pro\Resources\ArcToolbox\toolboxes\Data Management Tools.tbx\CalculateField" Date="20240627" Time="073957">CalculateField P02_LandUseLandCover klasea 17 "Python 3" # Text NO_ENFORCE_DOMAINS</Process><Process ToolSource="c:\program files\arcgis\pro\Resources\ArcToolbox\toolboxes\Data Management Tools.tbx\CalculateField" Date="20240627" Time="074009">CalculateField P02_LandUseLandCover klasea 18 "Python 3" # Text NO_ENFORCE_DOMAINS</Process><Process ToolSource="c:\program files\arcgis\pro\Resources\ArcToolbox\toolboxes\Data Management Tools.tbx\CalculateField" Date="20240627" Time="074022">CalculateField P02_LandUseLandCover klasea 19 "Python 3" # Text NO_ENFORCE_DOMAINS</Process><Process ToolSource="c:\program files\arcgis\pro\Resources\ArcToolbox\toolboxes\Data Management Tools.tbx\CalculateField" Date="20240627" Time="074031">CalculateField P02_LandUseLandCover klasea 20 "Python 3" # Text NO_ENFORCE_DOMAINS</Process><Process ToolSource="c:\program files\arcgis\pro\Resources\ArcToolbox\toolboxes\Data Management Tools.tbx\CalculateField" Date="20240627" Time="074042">CalculateField P02_LandUseLandCover klasea 21 "Python 3" # Text NO_ENFORCE_DOMAINS</Process><Process ToolSource="c:\program files\arcgis\pro\Resources\ArcToolbox\Toolboxes\Data Management Tools.tbx\UpdateSchema" Date="20240627" Time="075105">UpdateSchema "CIMDATA=&lt;CIMFeatureDatasetDataConnection xsi:type='typens:CIMFeatureDatasetDataConnection' xmlns:xsi='http://www.w3.org/2001/XMLSchema-instance' xmlns:xs='http://www.w3.org/2001/XMLSchema' xmlns:typens='http://www.esri.com/schemas/ArcGIS/2.9.0'&gt;&lt;FeatureDataset&gt;Product_P2&lt;/FeatureDataset&gt;&lt;WorkspaceConnectionString&gt;DATABASE=W:\ITE\01_PROYECTOS\RRM_FLEX\Rumania Flood\3_Process\2_P2\ArcGISPro_Updated_LULC\Default.gdb&lt;/WorkspaceConnectionString&gt;&lt;WorkspaceFactory&gt;FileGDB&lt;/WorkspaceFactory&gt;&lt;Dataset&gt;P02_LandUseLandCover&lt;/Dataset&gt;&lt;DatasetType&gt;esriDTFeatureClass&lt;/DatasetType&gt;&lt;/CIMFeatureDatasetDataConnection&gt;" "&lt;operationSequence&gt;&lt;workflow&gt;&lt;AddField&gt;&lt;field_name&gt;det_method&lt;/field_name&gt;&lt;field_type&gt;TEXT&lt;/field_type&gt;&lt;field_length&gt;50&lt;/field_length&gt;&lt;field_alias&gt;Determination Method&lt;/field_alias&gt;&lt;field_is_nullable&gt;True&lt;/field_is_nullable&gt;&lt;field_is_required&gt;False&lt;/field_is_required&gt;&lt;/AddField&gt;&lt;/workflow&gt;&lt;workflow&gt;&lt;AddField&gt;&lt;field_name&gt;or_src_id&lt;/field_name&gt;&lt;field_type&gt;TEXT&lt;/field_type&gt;&lt;field_length&gt;50&lt;/field_length&gt;&lt;field_alias&gt;Origin source Identifier&lt;/field_alias&gt;&lt;field_is_nullable&gt;True&lt;/field_is_nullable&gt;&lt;field_is_required&gt;False&lt;/field_is_required&gt;&lt;/AddField&gt;&lt;/workflow&gt;&lt;workflow&gt;&lt;AddField&gt;&lt;field_name&gt;emsn_id&lt;/field_name&gt;&lt;field_type&gt;TEXT&lt;/field_type&gt;&lt;field_length&gt;50&lt;/field_length&gt;&lt;field_alias&gt;Activation Code&lt;/field_alias&gt;&lt;field_is_nullable&gt;True&lt;/field_is_nullable&gt;&lt;field_is_required&gt;False&lt;/field_is_required&gt;&lt;/AddField&gt;&lt;/workflow&gt;&lt;workflow&gt;&lt;AddField&gt;&lt;field_name&gt;fwc_type&lt;/field_name&gt;&lt;field_type&gt;TEXT&lt;/field_type&gt;&lt;field_length&gt;10&lt;/field_length&gt;&lt;field_alias&gt;Framework Contract Type&lt;/field_alias&gt;&lt;field_is_nullable&gt;True&lt;/field_is_nullable&gt;&lt;field_is_required&gt;False&lt;/field_is_required&gt;&lt;/AddField&gt;&lt;/workflow&gt;&lt;workflow&gt;&lt;AddField&gt;&lt;field_name&gt;aoi_id&lt;/field_name&gt;&lt;field_type&gt;TEXT&lt;/field_type&gt;&lt;field_length&gt;50&lt;/field_length&gt;&lt;field_alias&gt;AOI id&lt;/field_alias&gt;&lt;field_is_nullable&gt;True&lt;/field_is_nullable&gt;&lt;field_is_required&gt;False&lt;/field_is_required&gt;&lt;/AddField&gt;&lt;/workflow&gt;&lt;workflow&gt;&lt;AddField&gt;&lt;field_name&gt;name&lt;/field_name&gt;&lt;field_type&gt;TEXT&lt;/field_type&gt;&lt;field_length&gt;50&lt;/field_length&gt;&lt;field_alias&gt;AOI name&lt;/field_alias&gt;&lt;field_is_nullable&gt;True&lt;/field_is_nullable&gt;&lt;field_is_required&gt;False&lt;/field_is_required&gt;&lt;/AddField&gt;&lt;/workflow&gt;&lt;workflow&gt;&lt;AddField&gt;&lt;field_name&gt;country&lt;/field_name&gt;&lt;field_type&gt;TEXT&lt;/field_type&gt;&lt;field_length&gt;100&lt;/field_length&gt;&lt;field_alias&gt;Country&lt;/field_alias&gt;&lt;field_is_nullable&gt;True&lt;/field_is_nullable&gt;&lt;field_is_required&gt;False&lt;/field_is_required&gt;&lt;/AddField&gt;&lt;/workflow&gt;&lt;/operationSequence&gt;"</Process><Process ToolSource="c:\program files\arcgis\pro\Resources\ArcToolbox\Toolboxes\Data Management Tools.tbx\DeleteField" Date="20240627" Time="075129">DeleteField P02_LandUseLandCover klasea "Delete Fields"</Process><Process ToolSource="c:\program files\arcgis\pro\Resources\ArcToolbox\Toolboxes\Data Management Tools.tbx\DeleteField" Date="20240627" Time="075142">DeleteField P02_LandUseLandCover class "Delete Fields"</Process><Process ToolSource="c:\program files\arcgis\pro\Resources\ArcToolbox\toolboxes\Data Management Tools.tbx\CalculateField" Date="20240627" Time="075236">CalculateField P02_LandUseLandCover emsn_id 'EMSN193' "Python 3" # Text NO_ENFORCE_DOMAINS</Process><Process ToolSource="c:\program files\arcgis\pro\Resources\ArcToolbox\toolboxes\Data Management Tools.tbx\CalculateField" Date="20240627" Time="075257">CalculateField P02_LandUseLandCover fwc_type 'FLEX' "Python 3" # Text NO_ENFORCE_DOMAINS</Process><Process ToolSource="c:\program files\arcgis\pro\Resources\ArcToolbox\toolboxes\Data Management Tools.tbx\CalculateField" Date="20240627" Time="075317">CalculateField P02_LandUseLandCover aoi_id '01' "Python 3" # Text NO_ENFORCE_DOMAINS</Process><Process ToolSource="c:\program files\arcgis\pro\Resources\ArcToolbox\toolboxes\Data Management Tools.tbx\CalculateField" Date="20240627" Time="075334">CalculateField P02_LandUseLandCover country 'Romania' "Python 3" # Text NO_ENFORCE_DOMAINS</Process><Process ToolSource="c:\program files\arcgis\pro\Resources\ArcToolbox\toolboxes\Data Management Tools.tbx\CalculateField" Date="20240627" Time="075515">CalculateField P02_LandUseLandCover det_method 2 "Python 3" # Text NO_ENFORCE_DOMAINS</Process><Process ToolSource="c:\program files\arcgis\pro\Resources\ArcToolbox\toolboxes\Data Management Tools.tbx\CalculateField" Date="20240627" Time="075610">CalculateField P02_LandUseLandCover det_method 3 "Python 3" # Text NO_ENFORCE_DOMAINS</Process><Process ToolSource="c:\program files\arcgis\pro\Resources\ArcToolbox\toolboxes\Data Management Tools.tbx\CalculateField" Date="20240627" Time="075644">CalculateField P02_LandUseLandCover det_method 1 "Python 3" # Text NO_ENFORCE_DOMAINS</Process><Process ToolSource="c:\program files\arcgis\pro\Resources\ArcToolbox\toolboxes\Data Management Tools.tbx\UpdateSchema" Date="20240627" Time="075751">UpdateSchema P02_LandUseLandCover "&lt;operationSequence&gt;&lt;workflow&gt;&lt;AssignDomainToField&gt;&lt;field_name&gt;det_method&lt;/field_name&gt;&lt;domain_name&gt;Determination Method&lt;/domain_name&gt;&lt;subtype_code&gt;1&lt;/subtype_code&gt;&lt;/AssignDomainToField&gt;&lt;/workflow&gt;&lt;workflow&gt;&lt;AssignDomainToField&gt;&lt;field_name&gt;det_method&lt;/field_name&gt;&lt;domain_name&gt;Determination Method&lt;/domain_name&gt;&lt;subtype_code&gt;2&lt;/subtype_code&gt;&lt;/AssignDomainToField&gt;&lt;/workflow&gt;&lt;workflow&gt;&lt;AssignDomainToField&gt;&lt;field_name&gt;det_method&lt;/field_name&gt;&lt;domain_name&gt;Determination Method&lt;/domain_name&gt;&lt;subtype_code&gt;3&lt;/subtype_code&gt;&lt;/AssignDomainToField&gt;&lt;/workflow&gt;&lt;workflow&gt;&lt;AssignDomainToField&gt;&lt;field_name&gt;det_method&lt;/field_name&gt;&lt;domain_name&gt;Determination Method&lt;/domain_name&gt;&lt;subtype_code&gt;4&lt;/subtype_code&gt;&lt;/AssignDomainToField&gt;&lt;/workflow&gt;&lt;workflow&gt;&lt;AssignDomainToField&gt;&lt;field_name&gt;det_method&lt;/field_name&gt;&lt;domain_name&gt;Determination Method&lt;/domain_name&gt;&lt;subtype_code&gt;5&lt;/subtype_code&gt;&lt;/AssignDomainToField&gt;&lt;/workflow&gt;&lt;/operationSequence&gt;"</Process><Process ToolSource="c:\program files\arcgis\pro\Resources\ArcToolbox\toolboxes\Data Management Tools.tbx\CalculateField" Date="20240627" Time="080152">CalculateField P02_LandUseLandCover or_src_id 2,3 "Python 3" # Text NO_ENFORCE_DOMAINS</Process><Process ToolSource="c:\program files\arcgis\pro\Resources\ArcToolbox\toolboxes\Data Management Tools.tbx\CalculateField" Date="20240627" Time="080303">CalculateField P02_LandUseLandCover or_src_id 3 "Python 3" # Text NO_ENFORCE_DOMAINS</Process><Process ToolSource="c:\program files\arcgis\pro\Resources\ArcToolbox\toolboxes\Data Management Tools.tbx\CalculateField" Date="20240627" Time="080403">CalculateField P02_LandUseLandCover or_src_id 1,3 "Python 3" # Text NO_ENFORCE_DOMAINS</Process><Process ToolSource="c:\program files\arcgis\pro\Resources\ArcToolbox\toolboxes\Data Management Tools.tbx\CalculateField" Date="20240627" Time="080419">CalculateField P02_LandUseLandCover or_src_id "1, 3" "Python 3" # Text NO_ENFORCE_DOMAINS</Process><Process ToolSource="c:\program files\arcgis\pro\Resources\ArcToolbox\toolboxes\Data Management Tools.tbx\CalculateField" Date="20240627" Time="080433">CalculateField P02_LandUseLandCover or_src_id 2 "Python 3" # Text NO_ENFORCE_DOMAINS</Process><Process ToolSource="c:\program files\arcgis\pro\Resources\ArcToolbox\toolboxes\Data Management Tools.tbx\CalculateField" Date="20240627" Time="080521">CalculateField P02_LandUseLandCover or_src_id 3 "Python 3" # Text NO_ENFORCE_DOMAINS</Process><Process ToolSource="c:\program files\arcgis\pro\Resources\ArcToolbox\toolboxes\Data Management Tools.tbx\CalculateField" Date="20240627" Time="082652">CalculateField P02_LandUseLandCover or_src_id "3,1" "Python 3" # Text NO_ENFORCE_DOMAINS</Process><Process ToolSource="c:\program files\arcgis\pro\Resources\ArcToolbox\toolboxes\Data Management Tools.tbx\CalculateField" Date="20240627" Time="082706">CalculateField P02_LandUseLandCover or_src_id 3 "Python 3" # Text NO_ENFORCE_DOMAINS</Process><Process ToolSource="c:\program files\arcgis\pro\Resources\ArcToolbox\toolboxes\Data Management Tools.tbx\CopyFeatures" Date="20240627" Time="092343">CopyFeatures P02_LandUseLandCover "F:\ITE\01_PROYECTOS\RRM_FLEX\Rumania Flood\4_Delivery\2_Geodeliverables\1_GDB\EMSN193_FLEX_UTM35N_MG.gdb\Products_UTM35N\P02_LandUseLandCover" # # # #</Process><Process ToolSource="c:\program files\arcgis\pro\Resources\ArcToolbox\toolboxes\Data Management Tools.tbx\UpdateSchema" Date="20240627" Time="093002">UpdateSchema P02_LandUseLandCover "&lt;operationSequence&gt;&lt;workflow&gt;&lt;AssignDefaultToField&gt;&lt;field_name&gt;obj_type2&lt;/field_name&gt;&lt;default_value&gt;4&lt;/default_value&gt;&lt;/AssignDefaultToField&gt;&lt;/workflow&gt;&lt;workflow&gt;&lt;SetSubtypeField&gt;&lt;field_name&gt;obj_type2&lt;/field_name&gt;&lt;/SetSubtypeField&gt;&lt;/workflow&gt;&lt;workflow&gt;&lt;AddSubtype&gt;&lt;subtype_code&gt;1&lt;/subtype_code&gt;&lt;subtype_description&gt;Artificial surface&lt;/subtype_description&gt;&lt;/AddSubtype&gt;&lt;/workflow&gt;&lt;workflow&gt;&lt;AddSubtype&gt;&lt;subtype_code&gt;2&lt;/subtype_code&gt;&lt;subtype_description&gt;Agricultural areas&lt;/subtype_description&gt;&lt;/AddSubtype&gt;&lt;/workflow&gt;&lt;workflow&gt;&lt;AddSubtype&gt;&lt;subtype_code&gt;3&lt;/subtype_code&gt;&lt;subtype_description&gt;Natual and semi-natural areas&lt;/subtype_description&gt;&lt;/AddSubtype&gt;&lt;/workflow&gt;&lt;workflow&gt;&lt;AddSubtype&gt;&lt;subtype_code&gt;4&lt;/subtype_code&gt;&lt;subtype_description&gt;Wetlands&lt;/subtype_description&gt;&lt;/AddSubtype&gt;&lt;/workflow&gt;&lt;workflow&gt;&lt;AddSubtype&gt;&lt;subtype_code&gt;5&lt;/subtype_code&gt;&lt;subtype_description&gt;Water&lt;/subtype_description&gt;&lt;/AddSubtype&gt;&lt;/workflow&gt;&lt;workflow&gt;&lt;SetDefaultSubtype&gt;&lt;subtype_code&gt;4&lt;/subtype_code&gt;&lt;/SetDefaultSubtype&gt;&lt;/workflow&gt;&lt;/operationSequence&gt;"</Process><Process ToolSource="c:\program files\arcgis\pro\Resources\ArcToolbox\toolboxes\Data Management Tools.tbx\UpdateSchema" Date="20240627" Time="093036">UpdateSchema P02_LandUseLandCover "&lt;operationSequence&gt;&lt;workflow&gt;&lt;AssignDomainToField&gt;&lt;field_name&gt;info&lt;/field_name&gt;&lt;domain_name&gt;Artificial surfaces&lt;/domain_name&gt;&lt;subtype_code&gt;1&lt;/subtype_code&gt;&lt;/AssignDomainToField&gt;&lt;/workflow&gt;&lt;workflow&gt;&lt;AssignDomainToField&gt;&lt;field_name&gt;info&lt;/field_name&gt;&lt;domain_name&gt;Agricultural areas&lt;/domain_name&gt;&lt;subtype_code&gt;2&lt;/subtype_code&gt;&lt;/AssignDomainToField&gt;&lt;/workflow&gt;&lt;workflow&gt;&lt;AssignDomainToField&gt;&lt;field_name&gt;info&lt;/field_name&gt;&lt;domain_name&gt;Natural and semi natural areas&lt;/domain_name&gt;&lt;subtype_code&gt;3&lt;/subtype_code&gt;&lt;/AssignDomainToField&gt;&lt;/workflow&gt;&lt;workflow&gt;&lt;AssignDomainToField&gt;&lt;field_name&gt;info&lt;/field_name&gt;&lt;domain_name&gt;Wetlands&lt;/domain_name&gt;&lt;subtype_code&gt;4&lt;/subtype_code&gt;&lt;/AssignDomainToField&gt;&lt;/workflow&gt;&lt;workflow&gt;&lt;AssignDomainToField&gt;&lt;field_name&gt;info&lt;/field_name&gt;&lt;domain_name&gt;Water&lt;/domain_name&gt;&lt;subtype_code&gt;5&lt;/subtype_code&gt;&lt;/AssignDomainToField&gt;&lt;/workflow&gt;&lt;/operationSequence&gt;"</Process><Process ToolSource="c:\program files\arcgis\pro\Resources\ArcToolbox\toolboxes\Data Management Tools.tbx\UpdateSchema" Date="20240627" Time="093218">UpdateSchema "CIMDATA=&lt;CIMFeatureDatasetDataConnection xsi:type='typens:CIMFeatureDatasetDataConnection' xmlns:xsi='http://www.w3.org/2001/XMLSchema-instance' xmlns:xs='http://www.w3.org/2001/XMLSchema' xmlns:typens='http://www.esri.com/schemas/ArcGIS/3.2.0'&gt;&lt;FeatureDataset&gt;Products_UTM35N&lt;/FeatureDataset&gt;&lt;WorkspaceConnectionString&gt;DATABASE=F:\ITE\01_PROYECTOS\RRM_FLEX\Rumania Flood\4_Delivery\2_Geodeliverables\1_GDB\EMSN193_FLEX_UTM35N_MG.gdb&lt;/WorkspaceConnectionString&gt;&lt;WorkspaceFactory&gt;FileGDB&lt;/WorkspaceFactory&gt;&lt;Dataset&gt;P02_LandUseLandCover&lt;/Dataset&gt;&lt;DatasetType&gt;esriDTFeatureClass&lt;/DatasetType&gt;&lt;/CIMFeatureDatasetDataConnection&gt;" &lt;operationSequence&gt;&lt;workflow&gt;&lt;AssignDomainToField&gt;&lt;field_name&gt;det_method&lt;/field_name&gt;&lt;domain_name&gt;det_method_list&lt;/domain_name&gt;&lt;/AssignDomainToField&gt;&lt;/workflow&gt;&lt;/operationSequence&gt;</Process><Process ToolSource="c:\program files\arcgis\pro\Resources\ArcToolbox\toolboxes\Data Management Tools.tbx\UpdateSchema" Date="20240627" Time="093312">UpdateSchema P02_LandUseLandCover &lt;operationSequence&gt;&lt;workflow&gt;&lt;AssignDomainToField&gt;&lt;field_name&gt;det_method&lt;/field_name&gt;&lt;domain_name&gt;det_method_list&lt;/domain_name&gt;&lt;subtype_code&gt;1&lt;/subtype_code&gt;&lt;/AssignDomainToField&gt;&lt;/workflow&gt;&lt;workflow&gt;&lt;AssignDomainToField&gt;&lt;field_name&gt;det_method&lt;/field_name&gt;&lt;domain_name&gt;det_method_list&lt;/domain_name&gt;&lt;subtype_code&gt;2&lt;/subtype_code&gt;&lt;/AssignDomainToField&gt;&lt;/workflow&gt;&lt;workflow&gt;&lt;AssignDomainToField&gt;&lt;field_name&gt;det_method&lt;/field_name&gt;&lt;domain_name&gt;det_method_list&lt;/domain_name&gt;&lt;subtype_code&gt;3&lt;/subtype_code&gt;&lt;/AssignDomainToField&gt;&lt;/workflow&gt;&lt;workflow&gt;&lt;AssignDomainToField&gt;&lt;field_name&gt;det_method&lt;/field_name&gt;&lt;domain_name&gt;det_method_list&lt;/domain_name&gt;&lt;subtype_code&gt;4&lt;/subtype_code&gt;&lt;/AssignDomainToField&gt;&lt;/workflow&gt;&lt;workflow&gt;&lt;AssignDomainToField&gt;&lt;field_name&gt;det_method&lt;/field_name&gt;&lt;domain_name&gt;det_method_list&lt;/domain_name&gt;&lt;subtype_code&gt;5&lt;/subtype_code&gt;&lt;/AssignDomainToField&gt;&lt;/workflow&gt;&lt;/operationSequence&gt;</Process><Process ToolSource="c:\program files\arcgis\pro\Resources\ArcToolbox\toolboxes\Data Management Tools.tbx\Rename" Date="20240627" Time="150536">Rename "F:\ITE\01_PROYECTOS\RRM_FLEX\Rumania Flood\4_Delivery\2_Geodeliverables\1_GDB\EMSN193_FLEX_UTM35N_MG.gdb\Products_UTM35N\P02_LandUseLandCover" "F:\ITE\01_PROYECTOS\RRM_FLEX\Rumania Flood\4_Delivery\2_Geodeliverables\1_GDB\EMSN193_FLEX_UTM35N_MG.gdb\Products_UTM35N\P02_REF_LandUseLandCover" FeatureClass</Process><Process ToolSource="c:\program files\arcgis\pro\Resources\ArcToolbox\toolboxes\Data Management Tools.tbx\Rename" Date="20240627" Time="150616">Rename "F:\ITE\01_PROYECTOS\RRM_FLEX\Rumania Flood\4_Delivery\2_Geodeliverables\1_GDB\EMSN193_FLEX_UTM35N_MG.gdb\Products_UTM35N\P02_REF_LandUseLandCover" "F:\ITE\01_PROYECTOS\RRM_FLEX\Rumania Flood\4_Delivery\2_Geodeliverables\1_GDB\EMSN193_FLEX_UTM35N_MG.gdb\Products_UTM35N\P02_LandUseLandCover" FeatureClass</Process><Process ToolSource="c:\program files\arcgis\pro\Resources\ArcToolbox\toolboxes\Data Management Tools.tbx\Rename" Date="20240627" Time="152635">Rename "F:\ITE\01_PROYECTOS\RRM_FLEX\Rumania Flood\4_Delivery\2_Geodeliverables\1_GDB\EMSN193_FLEX_UTM35N_MG.gdb\Products_UTM35N\P02_LandUseLandCover" "F:\ITE\01_PROYECTOS\RRM_FLEX\Rumania Flood\4_Delivery\2_Geodeliverables\1_GDB\EMSN193_FLEX_UTM35N_MG.gdb\Products_UTM35N\P02_LULC_LandUseLandCover" FeatureClass</Process><Process ToolSource="c:\program files\arcgis\pro\Resources\ArcToolbox\toolboxes\Data Management Tools.tbx\CalculateField" Date="20240702" Time="102335">CalculateField P02_LULC_LandUseLandCover name "Tazlau River" Python # Text NO_ENFORCE_DOMAINS</Process><Process ToolSource="c:\program files (x86)\arcgis\desktop10.5\ArcToolbox\Toolboxes\Conversion Tools.tbx\FeatureClassToFeatureClass" Date="20240710" Time="125816">FeatureClassToFeatureClass GPL0 E:\EMSN_2024\EMSNXXX-FlooRiskAssess_Romania\07_ProduccPhase\Avances\Delivery\2_Geodeliverables\1_GDB\shapes P02_LULC_LandUseLandCover # "info "info" true true false 255 Text 0 0 ,First,#,E:\EMSN_2024\EMSNXXX-FlooRiskAssess_Romania\07_ProduccPhase\Avances\Delivery\2_Geodeliverables\1_GDB\EMSN193_FLEX_UTM35N_v01.gdb\Products\P02_LULC_LandUseLandCover,info,-1,-1;obj_type2 "obj_type2" true true false 255 Text 0 0 ,First,#,E:\EMSN_2024\EMSNXXX-FlooRiskAssess_Romania\07_ProduccPhase\Avances\Delivery\2_Geodeliverables\1_GDB\EMSN193_FLEX_UTM35N_v01.gdb\Products\P02_LULC_LandUseLandCover,obj_type2,-1,-1;det_method "det_method" true true false 255 Text 0 0 ,First,#,E:\EMSN_2024\EMSNXXX-FlooRiskAssess_Romania\07_ProduccPhase\Avances\Delivery\2_Geodeliverables\1_GDB\EMSN193_FLEX_UTM35N_v01.gdb\Products\P02_LULC_LandUseLandCover,det_method,-1,-1;or_src_id "Origin source Identifier" true true false 50 Text 0 0 ,First,#,E:\EMSN_2024\EMSNXXX-FlooRiskAssess_Romania\07_ProduccPhase\Avances\Delivery\2_Geodeliverables\1_GDB\EMSN193_FLEX_UTM35N_v01.gdb\Products\P02_LULC_LandUseLandCover,or_src_id,-1,-1;emsn_id "Activation Code" true true false 50 Text 0 0 ,First,#,E:\EMSN_2024\EMSNXXX-FlooRiskAssess_Romania\07_ProduccPhase\Avances\Delivery\2_Geodeliverables\1_GDB\EMSN193_FLEX_UTM35N_v01.gdb\Products\P02_LULC_LandUseLandCover,emsn_id,-1,-1;fwc_type "Framework Contract Type" true true false 10 Text 0 0 ,First,#,E:\EMSN_2024\EMSNXXX-FlooRiskAssess_Romania\07_ProduccPhase\Avances\Delivery\2_Geodeliverables\1_GDB\EMSN193_FLEX_UTM35N_v01.gdb\Products\P02_LULC_LandUseLandCover,fwc_type,-1,-1;aoi_id "AOI id" true true false 50 Text 0 0 ,First,#,E:\EMSN_2024\EMSNXXX-FlooRiskAssess_Romania\07_ProduccPhase\Avances\Delivery\2_Geodeliverables\1_GDB\EMSN193_FLEX_UTM35N_v01.gdb\Products\P02_LULC_LandUseLandCover,aoi_id,-1,-1;name "AOI name" true true false 50 Text 0 0 ,First,#,E:\EMSN_2024\EMSNXXX-FlooRiskAssess_Romania\07_ProduccPhase\Avances\Delivery\2_Geodeliverables\1_GDB\EMSN193_FLEX_UTM35N_v01.gdb\Products\P02_LULC_LandUseLandCover,name,-1,-1;country "Country" true true false 100 Text 0 0 ,First,#,E:\EMSN_2024\EMSNXXX-FlooRiskAssess_Romania\07_ProduccPhase\Avances\Delivery\2_Geodeliverables\1_GDB\EMSN193_FLEX_UTM35N_v01.gdb\Products\P02_LULC_LandUseLandCover,country,-1,-1" #</Process></lineage><itemProps><itemLocation><linkage Sync="TRUE">file://\\FCANO10A\E$\EMSN_2024\EMSNXXX-FlooRiskAssess_Romania\07_ProduccPhase\Avances\Delivery\2_Geodeliverables\1_GDB\shapes\P02_LULC_LandUseLandCover.shp</linkage><protocol Sync="TRUE">Local Area Network</protocol></itemLocation><itemName Sync="TRUE">P02_LULC_LandUseLandCover</itemName><imsContentType Sync="TRUE">002</imsContentType><itemSize Sync="TRUE">0.000</itemSize></itemProps><copyHistory><copy source="Y:\01_PROYECTOS\RRM_FLEX\Rumania Flood\3_Process\2_P2\CORDA_info\LPIS_2024\LPIS_2024_UTM_" dest="\\pmpwfs6\Data2\ITE\01_PROYECTOS\RRM_FLEX\Rumania Flood\3_Process\2_P2\CORDA_info\LPIS_2024_UTM_" date="20240514" time="14094600"></copy></copyHistory><coordRef><type Sync="TRUE">Projected</type><geogcsn Sync="TRUE">GCS_WGS_1984</geogcsn><csUnits Sync="TRUE">Linear Unit: Meter (1.000000)</csUnits><projcsn Sync="TRUE">WGS_1984_UTM_Zone_35N</projcsn><peXml Sync="TRUE">&lt;ProjectedCoordinateSystem xsi:type='typens:ProjectedCoordinateSystem' xmlns:xsi='http://www.w3.org/2001/XMLSchema-instance' xmlns:xs='http://www.w3.org/2001/XMLSchema' xmlns:typens='http://www.esri.com/schemas/ArcGIS/10.5'&gt;&lt;WKT&gt;PROJCS[&amp;quot;WGS_1984_UTM_Zone_35N&amp;quot;,GEOGCS[&amp;quot;GCS_WGS_1984&amp;quot;,DATUM[&amp;quot;D_WGS_1984&amp;quot;,SPHEROID[&amp;quot;WGS_1984&amp;quot;,6378137.0,298.257223563]],PRIMEM[&amp;quot;Greenwich&amp;quot;,0.0],UNIT[&amp;quot;Degree&amp;quot;,0.0174532925199433]],PROJECTION[&amp;quot;Transverse_Mercator&amp;quot;],PARAMETER[&amp;quot;False_Easting&amp;quot;,500000.0],PARAMETER[&amp;quot;False_Northing&amp;quot;,0.0],PARAMETER[&amp;quot;Central_Meridian&amp;quot;,27.0],PARAMETER[&amp;quot;Scale_Factor&amp;quot;,0.9996],PARAMETER[&amp;quot;Latitude_Of_Origin&amp;quot;,0.0],UNIT[&amp;quot;Meter&amp;quot;,1.0],AUTHORITY[&amp;quot;EPSG&amp;quot;,32635]]&lt;/WKT&gt;&lt;XOrigin&gt;-5120900&lt;/XOrigin&gt;&lt;YOrigin&gt;-9998100&lt;/YOrigin&gt;&lt;XYScale&gt;450445547.3910538&lt;/XYScale&gt;&lt;ZOrigin&gt;-100000&lt;/ZOrigin&gt;&lt;ZScale&gt;10000&lt;/ZScale&gt;&lt;MOrigin&gt;-100000&lt;/MOrigin&gt;&lt;MScale&gt;10000&lt;/MScale&gt;&lt;XYTolerance&gt;0.001&lt;/XYTolerance&gt;&lt;ZTolerance&gt;0.001&lt;/ZTolerance&gt;&lt;MTolerance&gt;0.001&lt;/MTolerance&gt;&lt;HighPrecision&gt;true&lt;/HighPrecision&gt;&lt;WKID&gt;32635&lt;/WKID&gt;&lt;LatestWKID&gt;32635&lt;/LatestWKID&gt;&lt;/ProjectedCoordinateSystem&gt;</peXml></coordRef></DataProperties><SyncDate>20240710</SyncDate><SyncTime>12580900</SyncTime><ModDate>20240710</ModDate><ModTime>12580900</ModTime></Esri><dataIdInfo><envirDesc Sync="TRUE"> Version 6.2 (Build 9200) ; Esri ArcGIS 10.5.1.7333</envirDesc><dataLang><languageCode value="spa" Sync="TRUE"></languageCode><countryCode value="ESP" Sync="TRUE"></countryCode></dataLang><idCitation><resTitle Sync="TRUE">P02_LULC_LandUseLandCover</resTitle><presForm><PresFormCd value="005" Sync="TRUE"></PresFormCd></presForm></idCitation><spatRpType><SpatRepTypCd value="001" Sync="TRUE"></SpatRepTypCd></spatRpType></dataIdInfo><mdLang><languageCode value="spa" Sync="TRUE"></languageCode><countryCode value="ESP" Sync="TRUE"></countryCode></mdLang><distInfo><distFormat><formatName Sync="TRUE">Shapefile</formatName></distFormat><distTranOps><transSize Sync="TRUE">0.000</transSize></distTranOps></distInfo><mdHrLv><ScopeCd value="005" Sync="TRUE"></ScopeCd></mdHrLv><mdHrLvName Sync="TRUE">dataset</mdHrLvName><refSysInfo><RefSystem><refSysID><identCode code="32635" Sync="TRUE"></identCode><idCodeSpace Sync="TRUE">EPSG</idCodeSpace><idVersion Sync="TRUE">7.1(3.0.1)</idVersion></refSysID></RefSystem></refSysInfo><spatRepInfo><VectSpatRep><geometObjs Name="P02_LULC_LandUseLandCover"><geoObjTyp><GeoObjTypCd value="002" Sync="TRUE"></GeoObjTypCd></geoObjTyp><geoObjCnt Sync="TRUE">0</geoObjCnt></geometObjs><topLvl><TopoLevCd value="001" Sync="TRUE"></TopoLevCd></topLvl></VectSpatRep></spatRepInfo><spdoinfo><ptvctinf><esriterm Name="P02_LULC_LandUseLandCover"><efeatyp Sync="TRUE">Simple</efeatyp><efeageom code="4" Sync="TRUE"></efeageom><esritopo Sync="TRUE">FALSE</esritopo><efeacnt Sync="TRUE">0</efeacnt><spindex Sync="TRUE">FALSE</spindex><linrefer Sync="TRUE">TRUE</linrefer></esriterm></ptvctinf></spdoinfo><eainfo><detailed Name="P02_LULC_LandUseLandCover"><enttyp><enttypl Sync="TRUE">P02_LULC_LandUseLandCover</enttypl><enttypt Sync="TRUE">Feature Class</enttypt><enttypc Sync="TRUE">0</enttypc></enttyp><attr><attrlabl Sync="TRUE">Shape</attrlabl><attalias Sync="TRUE">Shape</attalias><attrtype Sync="TRUE">Geometry</attrtype><attwidth Sync="TRUE">0</attwidth><atprecis Sync="TRUE">0</atprecis><attscale Sync="TRUE">0</attscale><attrdef Sync="TRUE">Feature geometry.</attrdef><attrdefs Sync="TRUE">Esri</attrdefs><attrdomv><udom Sync="TRUE">Coordinates defining the features.</udom></attrdomv></attr><attr><attrlabl Sync="TRUE">info</attrlabl><attalias Sync="TRUE">info</attalias><attrtype Sync="TRUE">String</attrtype><attwidth Sync="TRUE">254</attwidth><atprecis Sync="TRUE">0</atprecis><attscale Sync="TRUE">0</attscale></attr><attr><attrlabl Sync="TRUE">obj_type2</attrlabl><attalias Sync="TRUE">obj_type2</attalias><attrtype Sync="TRUE">String</attrtype><attwidth Sync="TRUE">254</attwidth><atprecis Sync="TRUE">0</atprecis><attscale Sync="TRUE">0</attscale></attr><subtype><stname Sync="TRUE">Artificial surfaces</stname><stcode Sync="TRUE">1</stcode><stfield><stfldnm Sync="TRUE">info</stfldnm><stflddv Sync="TRUE">1</stflddv><stflddd><domname Sync="TRUE">Artificial surfaces</domname><domdesc Sync="TRUE">Artificial surfaces</domdesc><domtype Sync="TRUE">Coded Value</domtype><mrgtype Sync="TRUE">Default value</mrgtype><splttype Sync="TRUE">Duplicate</splttype><domowner Sync="TRUE"></domowner><domfldtp Sync="TRUE">String</domfldtp></stflddd></stfield><stfield><stfldnm Sync="TRUE">info</stfldnm><stflddd><domname Sync="TRUE">Artificial surfaces</domname><domdesc Sync="TRUE">Artificial surfaces</domdesc><domtype Sync="TRUE">Coded Value</domtype><mrgtype Sync="TRUE">Default value</mrgtype><splttype Sync="TRUE">Default value</splttype><domowner Sync="TRUE"></domowner><domfldtp Sync="TRUE">String</domfldtp></stflddd></stfield></subtype><subtype><stname Sync="TRUE">Agricultural areas</stname><stcode Sync="TRUE">2</stcode><stfield><stfldnm Sync="TRUE">info</stfldnm><stflddv Sync="TRUE">1</stflddv><stflddd><domname Sync="TRUE">Agricultural areas</domname><domdesc Sync="TRUE">Agricultural areas</domdesc><domtype Sync="TRUE">Coded Value</domtype><mrgtype Sync="TRUE">Default value</mrgtype><splttype Sync="TRUE">Duplicate</splttype><domowner Sync="TRUE"></domowner><domfldtp Sync="TRUE">String</domfldtp></stflddd></stfield><stfield><stfldnm Sync="TRUE">info</stfldnm><stflddd><domname Sync="TRUE">Agricultural areas</domname><domdesc Sync="TRUE">Agricultural areas</domdesc><domtype Sync="TRUE">Coded Value</domtype><mrgtype Sync="TRUE">Default value</mrgtype><splttype Sync="TRUE">Default value</splttype><domowner Sync="TRUE"></domowner><domfldtp Sync="TRUE">String</domfldtp></stflddd></stfield></subtype><attr><attrlabl Sync="TRUE">FID</attrlabl><attalias Sync="TRUE">FID</attalias><attrtype Sync="TRUE">OID</attrtype><attwidth Sync="TRUE">4</attwidth><atprecis Sync="TRUE">0</atprecis><attscale Sync="TRUE">0</attscale><attrdef Sync="TRUE">Internal feature number.</attrdef><attrdefs Sync="TRUE">Esri</attrdefs><attrdomv><udom Sync="TRUE">Sequential unique whole numbers that are automatically generated.</udom></attrdomv></attr><subtype><stname Sync="TRUE">Natural and semi-natural areas</stname><stcode Sync="TRUE">3</stcode><stfield><stfldnm Sync="TRUE">info</stfldnm><stflddv Sync="TRUE">1</stflddv><stflddd><domname Sync="TRUE">Natural and semi natural areas</domname><domdesc Sync="TRUE">Natural and semi natural areas</domdesc><domtype Sync="TRUE">Coded Value</domtype><mrgtype Sync="TRUE">Default value</mrgtype><splttype Sync="TRUE">Duplicate</splttype><domowner Sync="TRUE"></domowner><domfldtp Sync="TRUE">String</domfldtp></stflddd></stfield><stfield><stfldnm Sync="TRUE">info</stfldnm><stflddd><domname Sync="TRUE">Natural and semi natural areas</domname><domdesc Sync="TRUE">Natural and semi natural areas</domdesc><domtype Sync="TRUE">Coded Value</domtype><mrgtype Sync="TRUE">Default value</mrgtype><splttype Sync="TRUE">Default value</splttype><domowner Sync="TRUE"></domowner><domfldtp Sync="TRUE">String</domfldtp></stflddd></stfield></subtype><attr><attrlabl Sync="TRUE">det_method</attrlabl><attalias Sync="TRUE">det_method</attalias><attrtype Sync="TRUE">String</attrtype><attwidth Sync="TRUE">254</attwidth><atprecis Sync="TRUE">0</atprecis><attscale Sync="TRUE">0</attscale></attr><attr><attrlabl Sync="TRUE">or_src_id</attrlabl><attalias Sync="TRUE">or_src_id</attalias><attrtype Sync="TRUE">String</attrtype><attwidth Sync="TRUE">50</attwidth><atprecis Sync="TRUE">0</atprecis><attscale Sync="TRUE">0</attscale></attr><attr><attrlabl Sync="TRUE">emsn_id</attrlabl><attalias Sync="TRUE">emsn_id</attalias><attrtype Sync="TRUE">String</attrtype><attwidth Sync="TRUE">50</attwidth><atprecis Sync="TRUE">0</atprecis><attscale Sync="TRUE">0</attscale></attr><attr><attrlabl Sync="TRUE">fwc_type</attrlabl><attalias Sync="TRUE">fwc_type</attalias><attrtype Sync="TRUE">String</attrtype><attwidth Sync="TRUE">10</attwidth><atprecis Sync="TRUE">0</atprecis><attscale Sync="TRUE">0</attscale></attr><attr><attrlabl Sync="TRUE">aoi_id</attrlabl><attalias Sync="TRUE">aoi_id</attalias><attrtype Sync="TRUE">String</attrtype><attwidth Sync="TRUE">50</attwidth><atprecis Sync="TRUE">0</atprecis><attscale Sync="TRUE">0</attscale></attr><attr><attrlabl Sync="TRUE">name</attrlabl><attalias Sync="TRUE">name</attalias><attrtype Sync="TRUE">String</attrtype><attwidth Sync="TRUE">50</attwidth><atprecis Sync="TRUE">0</atprecis><attscale Sync="TRUE">0</attscale></attr><attr><attrlabl Sync="TRUE">country</attrlabl><attalias Sync="TRUE">country</attalias><attrtype Sync="TRUE">String</attrtype><attwidth Sync="TRUE">100</attwidth><atprecis Sync="TRUE">0</atprecis><attscale Sync="TRUE">0</attscale></attr><subtype><stname Sync="TRUE">Wetlands</stname><stcode Sync="TRUE">4</stcode><stfield><stfldnm Sync="TRUE">info</stfldnm><stflddv Sync="TRUE">1</stflddv><stflddd><domname Sync="TRUE">Wetlands</domname><domdesc Sync="TRUE">Wetlands</domdesc><domtype Sync="TRUE">Coded Value</domtype><mrgtype Sync="TRUE">Default value</mrgtype><splttype Sync="TRUE">Duplicate</splttype><domowner Sync="TRUE"></domowner><domfldtp Sync="TRUE">String</domfldtp></stflddd></stfield><stfield><stfldnm Sync="TRUE">info</stfldnm><stflddd><domname Sync="TRUE">Wetlands</domname><domdesc Sync="TRUE">Wetlands</domdesc><domtype Sync="TRUE">Coded Value</domtype><mrgtype Sync="TRUE">Default value</mrgtype><splttype Sync="TRUE">Default value</splttype><domowner Sync="TRUE"></domowner><domfldtp Sync="TRUE">String</domfldtp></stflddd></stfield></subtype><subtype><stname Sync="TRUE">Water</stname><stcode Sync="TRUE">5</stcode><stfield><stfldnm Sync="TRUE">info</stfldnm><stflddv Sync="TRUE">1</stflddv><stflddd><domname Sync="TRUE">Water</domname><domdesc Sync="TRUE">Water</domdesc><domtype Sync="TRUE">Coded Value</domtype><mrgtype Sync="TRUE">Default value</mrgtype><splttype Sync="TRUE">Duplicate</splttype><domowner Sync="TRUE"></domowner><domfldtp Sync="TRUE">String</domfldtp></stflddd></stfield><stfield><stfldnm Sync="TRUE">info</stfldnm><stflddd><domname Sync="TRUE">Water</domname><domdesc Sync="TRUE">Water</domdesc><domtype Sync="TRUE">Coded Value</domtype><mrgtype Sync="TRUE">Default value</mrgtype><splttype Sync="TRUE">Default value</splttype><domowner Sync="TRUE"></domowner><domfldtp Sync="TRUE">String</domfldtp></stflddd></stfield></subtype></detailed></eainfo><mdDateSt Sync="TRUE">20240710</mdDateSt></metadata>
