<metadata xml:lang="es"><Esri><CreaDate>20240627</CreaDate><CreaTime>15080400</CreaTime><ArcGISFormat>1.0</ArcGISFormat><SyncOnce>FALSE</SyncOnce><DataProperties><lineage><Process ToolSource="c:\program files\arcgis\pro\Resources\ArcToolbox\toolboxes\Data Management Tools.tbx\CreateFeatureclass" Date="20240627" Time="150804">CreateFeatureclass "F:\ITE\01_PROYECTOS\RRM_FLEX\Rumania Flood\4_Delivery\2_Geodeliverables\1_GDB\EMSN193_FLEX_UTM35N_MG.gdb\Products_UTM35N" P03_MOD_InundationExtent Polygon # No Yes "PROJCS["WGS_1984_UTM_Zone_35N",GEOGCS["GCS_WGS_1984",DATUM["D_WGS_1984",SPHEROID["WGS_1984",6378137.0,298.257223563]],PRIMEM["Greenwich",0.0],UNIT["Degree",0.0174532925199433]],PROJECTION["Transverse_Mercator"],PARAMETER["False_Easting",500000.0],PARAMETER["False_Northing",0.0],PARAMETER["Central_Meridian",27.0],PARAMETER["Scale_Factor",0.9996],PARAMETER["Latitude_Of_Origin",0.0],UNIT["Meter",1.0]];-5120900 -9998100 10000;-100000 10000;-100000 10000;0.001;0.001;0.001;IsHighPrecision" # # # # P03_MOD_InundationExtent "Same as template"</Process><Process ToolSource="c:\program files\arcgis\pro\Resources\ArcToolbox\toolboxes\Data Management Tools.tbx\UpdateSchema" Date="20240627" Time="150808">UpdateSchema "F:\ITE\01_PROYECTOS\RRM_FLEX\Rumania Flood\4_Delivery\2_Geodeliverables\1_GDB\EMSN193_FLEX_UTM35N_MG.gdb\Products_UTM35N\P03_MOD_InundationExtent" &lt;operationSequence&gt;&lt;workflow&gt;&lt;AlterField&gt;&lt;field_name&gt;OBJECTID&lt;/field_name&gt;&lt;field_alias&gt;OBJECTID&lt;/field_alias&gt;&lt;/AlterField&gt;&lt;/workflow&gt;&lt;workflow&gt;&lt;AlterField&gt;&lt;field_name&gt;SHAPE&lt;/field_name&gt;&lt;field_alias&gt;SHAPE&lt;/field_alias&gt;&lt;/AlterField&gt;&lt;/workflow&gt;&lt;/operationSequence&gt;</Process><Process ToolSource="c:\program files\arcgis\pro\Resources\ArcToolbox\toolboxes\Data Management Tools.tbx\CalculateField" Date="20240628" Time="162636">CalculateField "F:\ITE\01_PROYECTOS\RRM_FLEX\Rumania Flood\4_Delivery\2_Geodeliverables\1_GDB\EMSN193_FLEX_UTM35N_MG.gdb\Products_UTM35N\P03_MOD_InundationExtent" emsn_id 'EMSN193' Python # Text NO_ENFORCE_DOMAINS</Process><Process ToolSource="c:\program files\arcgis\pro\Resources\ArcToolbox\toolboxes\Data Management Tools.tbx\CalculateField" Date="20240628" Time="162642">CalculateField "F:\ITE\01_PROYECTOS\RRM_FLEX\Rumania Flood\4_Delivery\2_Geodeliverables\1_GDB\EMSN193_FLEX_UTM35N_MG.gdb\Products_UTM35N\P03_MOD_InundationExtent" fwc_type 'FLEX' Python # Text NO_ENFORCE_DOMAINS</Process><Process ToolSource="c:\program files\arcgis\pro\Resources\ArcToolbox\toolboxes\Data Management Tools.tbx\CalculateField" Date="20240628" Time="162648">CalculateField "F:\ITE\01_PROYECTOS\RRM_FLEX\Rumania Flood\4_Delivery\2_Geodeliverables\1_GDB\EMSN193_FLEX_UTM35N_MG.gdb\Products_UTM35N\P03_MOD_InundationExtent" aoi_id '01' Python # Text NO_ENFORCE_DOMAINS</Process><Process ToolSource="c:\program files\arcgis\pro\Resources\ArcToolbox\toolboxes\Data Management Tools.tbx\CalculateField" Date="20240628" Time="162654">CalculateField "F:\ITE\01_PROYECTOS\RRM_FLEX\Rumania Flood\4_Delivery\2_Geodeliverables\1_GDB\EMSN193_FLEX_UTM35N_MG.gdb\Products_UTM35N\P03_MOD_InundationExtent" name 'Tazlau river' Python # Text NO_ENFORCE_DOMAINS</Process><Process ToolSource="c:\program files\arcgis\pro\Resources\ArcToolbox\toolboxes\Data Management Tools.tbx\CalculateField" Date="20240628" Time="162659">CalculateField "F:\ITE\01_PROYECTOS\RRM_FLEX\Rumania Flood\4_Delivery\2_Geodeliverables\1_GDB\EMSN193_FLEX_UTM35N_MG.gdb\Products_UTM35N\P03_MOD_InundationExtent" country 'Romania' Python # Text NO_ENFORCE_DOMAINS</Process><Process ToolSource="c:\program files\arcgis\pro\Resources\ArcToolbox\toolboxes\Data Management Tools.tbx\Append" Date="20240702" Time="105134">Append P04_MOD_InundationExtent "F:\ITE\01_PROYECTOS\RRM_FLEX\Rumania Flood\4_Delivery\2_Geodeliverables\1_GDB\EMSN193_FLEX_UTM35N_MG.gdb\Products_UTM35N\P03_MOD_InundationExtent" "Use the field map to reconcile field differences" "emsn_id "emsn_id" true true false 512 Text 0 0,First,#;fwc_type "fwc_type" true true false 512 Text 0 0,First,#;aoi_id "aoi_id" true true false 512 Text 0 0,First,#;name "name" true true false 512 Text 0 0,First,#;country "country" true true false 512 Text 0 0,First,#" # # # NOT_UPDATE_GEOMETRY</Process><Process ToolSource="c:\program files\arcgis\pro\Resources\ArcToolbox\toolboxes\Data Management Tools.tbx\UpdateSchema" Date="20240702" Time="105801">UpdateSchema "CIMDATA=&lt;CIMFeatureDatasetDataConnection xsi:type='typens:CIMFeatureDatasetDataConnection' xmlns:xsi='http://www.w3.org/2001/XMLSchema-instance' xmlns:xs='http://www.w3.org/2001/XMLSchema' xmlns:typens='http://www.esri.com/schemas/ArcGIS/3.2.0'&gt;&lt;FeatureDataset&gt;Products_UTM35N&lt;/FeatureDataset&gt;&lt;WorkspaceConnectionString&gt;DATABASE=F:\ITE\01_PROYECTOS\RRM_FLEX\Rumania Flood\4_Delivery\2_Geodeliverables\1_GDB\EMSN193_FLEX_UTM35N_MG.gdb&lt;/WorkspaceConnectionString&gt;&lt;WorkspaceFactory&gt;FileGDB&lt;/WorkspaceFactory&gt;&lt;Dataset&gt;P03_MOD_InundationExtent&lt;/Dataset&gt;&lt;DatasetType&gt;esriDTFeatureClass&lt;/DatasetType&gt;&lt;/CIMFeatureDatasetDataConnection&gt;" &lt;operationSequence&gt;&lt;workflow&gt;&lt;AddField&gt;&lt;field_name&gt;Floodtype&lt;/field_name&gt;&lt;field_type&gt;TEXT&lt;/field_type&gt;&lt;field_length&gt;20&lt;/field_length&gt;&lt;field_is_nullable&gt;True&lt;/field_is_nullable&gt;&lt;field_is_required&gt;False&lt;/field_is_required&gt;&lt;/AddField&gt;&lt;/workflow&gt;&lt;/operationSequence&gt;</Process><Process ToolSource="c:\program files\arcgis\pro\Resources\ArcToolbox\toolboxes\Data Management Tools.tbx\UpdateSchema" Date="20240702" Time="105818">UpdateSchema "CIMDATA=&lt;CIMFeatureDatasetDataConnection xsi:type='typens:CIMFeatureDatasetDataConnection' xmlns:xsi='http://www.w3.org/2001/XMLSchema-instance' xmlns:xs='http://www.w3.org/2001/XMLSchema' xmlns:typens='http://www.esri.com/schemas/ArcGIS/3.2.0'&gt;&lt;FeatureDataset&gt;Products_UTM35N&lt;/FeatureDataset&gt;&lt;WorkspaceConnectionString&gt;DATABASE=F:\ITE\01_PROYECTOS\RRM_FLEX\Rumania Flood\4_Delivery\2_Geodeliverables\1_GDB\EMSN193_FLEX_UTM35N_MG.gdb&lt;/WorkspaceConnectionString&gt;&lt;WorkspaceFactory&gt;FileGDB&lt;/WorkspaceFactory&gt;&lt;Dataset&gt;P03_MOD_InundationExtent&lt;/Dataset&gt;&lt;DatasetType&gt;esriDTFeatureClass&lt;/DatasetType&gt;&lt;/CIMFeatureDatasetDataConnection&gt;" "&lt;operationSequence&gt;&lt;workflow&gt;&lt;AssignDomainToField&gt;&lt;field_name&gt;Floodtype&lt;/field_name&gt;&lt;domain_name&gt;Flood type&lt;/domain_name&gt;&lt;/AssignDomainToField&gt;&lt;AssignDefaultToField&gt;&lt;field_name&gt;Floodtype&lt;/field_name&gt;&lt;default_value&gt;Inl_fl&lt;/default_value&gt;&lt;/AssignDefaultToField&gt;&lt;/workflow&gt;&lt;/operationSequence&gt;"</Process><Process Name="Delete Field" ToolSource="c:\program files\arcgis\pro\Resources\ArcToolbox\toolboxes\Data Management Tools.tbx\DeleteField" Date="20240715" Time="134838">DeleteField E:\EMSN_2024\EMSNXXX-FlooRiskAssess_Romania\07_ProduccPhase\Avances\Delivery\2_Geodeliverables\1_GDB\EMSN193_FLEX_UTM35N_v01_new.gdb\Products\P03_MOD_InundationExtent emsn_id;fwc_type;aoi_id;name;country "Delete Fields"</Process><Process ToolSource="c:\program files (x86)\arcgis\desktop10.5\ArcToolbox\Toolboxes\Data Management Tools.tbx\Append" Date="20240715" Time="135931">Append E:\EMSN_2024\EMSNXXX-FlooRiskAssess_Romania\07_ProduccPhase\Avances\Delivery\2_Geodeliverables\9_floodextent_matchingraster\floodextent_GT0_asRasters.shp E:\EMSN_2024\EMSNXXX-FlooRiskAssess_Romania\07_ProduccPhase\Avances\Delivery\2_Geodeliverables\1_GDB\EMSN193_FLEX_UTM35N_v01_new.gdb\Products\P03_MOD_InundationExtent NO_TEST "Shape_Length "Shape_Length" false true true 8 Double 0 0 ,First,#;Shape_Area "Shape_Area" false true true 8 Double 0 0 ,First,#;Floodtype "Floodtype" true true false 20 Text 0 0 ,First,#" #</Process><Process ToolSource="c:\program files (x86)\arcgis\desktop10.5\ArcToolbox\Toolboxes\Data Management Tools.tbx\CalculateField" Date="20240715" Time="140116">CalculateField P03_MOD_InundationExtent Floodtype "Inland flood" VB #</Process><Process ToolSource="c:\program files (x86)\arcgis\desktop10.5\ArcToolbox\Toolboxes\Conversion Tools.tbx\FeatureClassToFeatureClass" Date="20240715" Time="161748">FeatureClassToFeatureClass GPL0 E:\EMSN_2024\EMSNXXX-FlooRiskAssess_Romania\08_Delivery\20240715\QC\AU\EMSN193_GeospatialData\Geospatial_data\SHP P03_MOD_InundationExtent # "Floodtype "Floodtype" true true false 255 Text 0 0 ,First,#,E:\EMSN_2024\EMSNXXX-FlooRiskAssess_Romania\08_Delivery\20240715\QC\AU\EMSN193_GeospatialData\Geospatial_data\GDB\EMSN193_FLEX_UTM35N_v02.gdb\Products\P03_MOD_InundationExtent,Floodtype,-1,-1" #</Process></lineage><itemProps><itemName Sync="TRUE">P03_MOD_InundationExtent</itemName><imsContentType Sync="TRUE">002</imsContentType><itemSize Sync="TRUE">0.000</itemSize><itemLocation><linkage Sync="TRUE">file://\\FCANO10A\E$\EMSN_2024\EMSNXXX-FlooRiskAssess_Romania\08_Delivery\20240715\QC\AU\EMSN193_GeospatialData\Geospatial_data\SHP\P03_MOD_InundationExtent.shp</linkage><protocol Sync="TRUE">Local Area Network</protocol></itemLocation></itemProps><coordRef><type Sync="TRUE">Projected</type><geogcsn Sync="TRUE">GCS_WGS_1984</geogcsn><csUnits Sync="TRUE">Linear Unit: Meter (1.000000)</csUnits><projcsn Sync="TRUE">WGS_1984_UTM_Zone_35N</projcsn><peXml Sync="TRUE">&lt;ProjectedCoordinateSystem xsi:type='typens:ProjectedCoordinateSystem' xmlns:xsi='http://www.w3.org/2001/XMLSchema-instance' xmlns:xs='http://www.w3.org/2001/XMLSchema' xmlns:typens='http://www.esri.com/schemas/ArcGIS/10.5'&gt;&lt;WKT&gt;PROJCS[&amp;quot;WGS_1984_UTM_Zone_35N&amp;quot;,GEOGCS[&amp;quot;GCS_WGS_1984&amp;quot;,DATUM[&amp;quot;D_WGS_1984&amp;quot;,SPHEROID[&amp;quot;WGS_1984&amp;quot;,6378137.0,298.257223563]],PRIMEM[&amp;quot;Greenwich&amp;quot;,0.0],UNIT[&amp;quot;Degree&amp;quot;,0.0174532925199433]],PROJECTION[&amp;quot;Transverse_Mercator&amp;quot;],PARAMETER[&amp;quot;False_Easting&amp;quot;,500000.0],PARAMETER[&amp;quot;False_Northing&amp;quot;,0.0],PARAMETER[&amp;quot;Central_Meridian&amp;quot;,27.0],PARAMETER[&amp;quot;Scale_Factor&amp;quot;,0.9996],PARAMETER[&amp;quot;Latitude_Of_Origin&amp;quot;,0.0],UNIT[&amp;quot;Meter&amp;quot;,1.0],AUTHORITY[&amp;quot;EPSG&amp;quot;,32635]]&lt;/WKT&gt;&lt;XOrigin&gt;-5120900&lt;/XOrigin&gt;&lt;YOrigin&gt;-9998100&lt;/YOrigin&gt;&lt;XYScale&gt;450445547.3910538&lt;/XYScale&gt;&lt;ZOrigin&gt;-100000&lt;/ZOrigin&gt;&lt;ZScale&gt;10000&lt;/ZScale&gt;&lt;MOrigin&gt;-100000&lt;/MOrigin&gt;&lt;MScale&gt;10000&lt;/MScale&gt;&lt;XYTolerance&gt;0.001&lt;/XYTolerance&gt;&lt;ZTolerance&gt;0.001&lt;/ZTolerance&gt;&lt;MTolerance&gt;0.001&lt;/MTolerance&gt;&lt;HighPrecision&gt;true&lt;/HighPrecision&gt;&lt;WKID&gt;32635&lt;/WKID&gt;&lt;LatestWKID&gt;32635&lt;/LatestWKID&gt;&lt;/ProjectedCoordinateSystem&gt;</peXml></coordRef></DataProperties><SyncDate>20240715</SyncDate><SyncTime>16174300</SyncTime><ModDate>20240715</ModDate><ModTime>16174300</ModTime></Esri><dataIdInfo><envirDesc Sync="TRUE"> Version 6.2 (Build 9200) ; Esri ArcGIS 10.5.1.7333</envirDesc><dataLang><languageCode value="spa" Sync="TRUE"></languageCode><countryCode value="ESP" Sync="TRUE"></countryCode></dataLang><idCitation><resTitle Sync="TRUE">P03_MOD_InundationExtent</resTitle><presForm><PresFormCd value="005" Sync="TRUE"></PresFormCd></presForm></idCitation><spatRpType><SpatRepTypCd value="001" Sync="TRUE"></SpatRepTypCd></spatRpType></dataIdInfo><mdLang><languageCode value="spa" Sync="TRUE"></languageCode><countryCode value="ESP" Sync="TRUE"></countryCode></mdLang><distInfo><distFormat><formatName Sync="TRUE">Shapefile</formatName></distFormat><distTranOps><transSize Sync="TRUE">0.000</transSize></distTranOps></distInfo><mdHrLv><ScopeCd value="005" Sync="TRUE"></ScopeCd></mdHrLv><mdHrLvName Sync="TRUE">dataset</mdHrLvName><refSysInfo><RefSystem><refSysID><identCode code="32635" Sync="TRUE"></identCode><idCodeSpace Sync="TRUE">EPSG</idCodeSpace><idVersion Sync="TRUE">7.1(3.0.1)</idVersion></refSysID></RefSystem></refSysInfo><spatRepInfo><VectSpatRep><geometObjs Name="P03_MOD_InundationExtent"><geoObjTyp><GeoObjTypCd value="002" Sync="TRUE"></GeoObjTypCd></geoObjTyp><geoObjCnt Sync="TRUE">0</geoObjCnt></geometObjs><topLvl><TopoLevCd value="001" Sync="TRUE"></TopoLevCd></topLvl></VectSpatRep></spatRepInfo><spdoinfo><ptvctinf><esriterm Name="P03_MOD_InundationExtent"><efeatyp Sync="TRUE">Simple</efeatyp><efeageom code="4" Sync="TRUE"></efeageom><esritopo Sync="TRUE">FALSE</esritopo><efeacnt Sync="TRUE">0</efeacnt><spindex Sync="TRUE">FALSE</spindex><linrefer Sync="TRUE">TRUE</linrefer></esriterm></ptvctinf></spdoinfo><eainfo><detailed Name="P03_MOD_InundationExtent"><enttyp><enttypl Sync="TRUE">P03_MOD_InundationExtent</enttypl><enttypt Sync="TRUE">Feature Class</enttypt><enttypc Sync="TRUE">0</enttypc></enttyp><attr><attrlabl Sync="TRUE">FID</attrlabl><attalias Sync="TRUE">FID</attalias><attrtype Sync="TRUE">OID</attrtype><attwidth Sync="TRUE">4</attwidth><atprecis Sync="TRUE">0</atprecis><attscale Sync="TRUE">0</attscale><attrdef Sync="TRUE">Internal feature number.</attrdef><attrdefs Sync="TRUE">Esri</attrdefs><attrdomv><udom Sync="TRUE">Sequential unique whole numbers that are automatically generated.</udom></attrdomv></attr><attr><attrlabl Sync="TRUE">Shape</attrlabl><attalias Sync="TRUE">Shape</attalias><attrtype Sync="TRUE">Geometry</attrtype><attwidth Sync="TRUE">0</attwidth><atprecis Sync="TRUE">0</atprecis><attscale Sync="TRUE">0</attscale><attrdef Sync="TRUE">Feature geometry.</attrdef><attrdefs Sync="TRUE">Esri</attrdefs><attrdomv><udom Sync="TRUE">Coordinates defining the features.</udom></attrdomv></attr><attr><attrlabl Sync="TRUE">Floodtype</attrlabl><attalias Sync="TRUE">Floodtype</attalias><attrtype Sync="TRUE">String</attrtype><attwidth Sync="TRUE">254</attwidth><atprecis Sync="TRUE">0</atprecis><attscale Sync="TRUE">0</attscale></attr></detailed></eainfo><mdDateSt Sync="TRUE">20240715</mdDateSt></metadata>
