<metadata xml:lang="es"><Esri><CreaDate>20240627</CreaDate><CreaTime>15111400</CreaTime><ArcGISFormat>1.0</ArcGISFormat><SyncOnce>FALSE</SyncOnce><DataProperties><lineage><Process ToolSource="c:\program files\arcgis\pro\Resources\ArcToolbox\toolboxes\Data Management Tools.tbx\CreateFeatureclass" Date="20240621" Time="103838">CreateFeatureclass "F:\ITE\01_PROYECTOS\RRM_FLEX\Rumania Flood\4_Delivery\2_Geodeliverables\1_GDB\EMSN193_FLEX_UTM35N.gdb\Products" P01_TransportationP Point # No Yes "PROJCS["WGS_1984_UTM_Zone_30N",GEOGCS["GCS_WGS_1984",DATUM["D_WGS_1984",SPHEROID["WGS_1984",6378137.0,298.257223563]],PRIMEM["Greenwich",0.0],UNIT["Degree",0.0174532925199433]],PROJECTION["Transverse_Mercator"],PARAMETER["False_Easting",500000.0],PARAMETER["False_Northing",0.0],PARAMETER["Central_Meridian",-3.0],PARAMETER["Scale_Factor",0.9996],PARAMETER["Latitude_Of_Origin",0.0],UNIT["Meter",1.0]];-5120900 -9998100 10000;-100000 10000;-100000 10000;0.001;0.001;0.001;IsHighPrecision" # # # # P01_TransportationP "Same as template"</Process><Process ToolSource="c:\program files\arcgis\pro\Resources\ArcToolbox\toolboxes\Data Management Tools.tbx\UpdateSchema" Date="20240621" Time="103852">UpdateSchema "F:\ITE\01_PROYECTOS\RRM_FLEX\Rumania Flood\4_Delivery\2_Geodeliverables\1_GDB\EMSN193_FLEX_UTM35N.gdb\Products\P01_TransportationP" "&lt;operationSequence&gt;&lt;workflow&gt;&lt;AddField&gt;&lt;field_name&gt;obj_type&lt;/field_name&gt;&lt;field_type&gt;Long&lt;/field_type&gt;&lt;field_alias&gt;Subtype (Element type)&lt;/field_alias&gt;&lt;field_is_nullable&gt;TRUE&lt;/field_is_nullable&gt;&lt;field_length&gt;4&lt;/field_length&gt;&lt;field_default_value&gt;211&lt;/field_default_value&gt;&lt;/AddField&gt;&lt;/workflow&gt;&lt;workflow&gt;&lt;AddField&gt;&lt;field_name&gt;info&lt;/field_name&gt;&lt;field_type&gt;Long&lt;/field_type&gt;&lt;field_alias&gt;Ancillary attribute&lt;/field_alias&gt;&lt;field_is_nullable&gt;TRUE&lt;/field_is_nullable&gt;&lt;field_length&gt;4&lt;/field_length&gt;&lt;field_domain&gt;road_info&lt;/field_domain&gt;&lt;/AddField&gt;&lt;/workflow&gt;&lt;workflow&gt;&lt;AddField&gt;&lt;field_name&gt;NAM&lt;/field_name&gt;&lt;field_type&gt;TEXT&lt;/field_type&gt;&lt;field_alias&gt;Name&lt;/field_alias&gt;&lt;field_is_nullable&gt;TRUE&lt;/field_is_nullable&gt;&lt;field_length&gt;100&lt;/field_length&gt;&lt;/AddField&gt;&lt;/workflow&gt;&lt;workflow&gt;&lt;AddField&gt;&lt;field_name&gt;FUN&lt;/field_name&gt;&lt;field_type&gt;Long&lt;/field_type&gt;&lt;field_alias&gt;Condition of Facility&lt;/field_alias&gt;&lt;field_is_nullable&gt;TRUE&lt;/field_is_nullable&gt;&lt;field_length&gt;4&lt;/field_length&gt;&lt;field_domain&gt;FUN&lt;/field_domain&gt;&lt;/AddField&gt;&lt;/workflow&gt;&lt;workflow&gt;&lt;AddField&gt;&lt;field_name&gt;det_method&lt;/field_name&gt;&lt;field_type&gt;TEXT&lt;/field_type&gt;&lt;field_alias&gt;Determination Method&lt;/field_alias&gt;&lt;field_is_nullable&gt;TRUE&lt;/field_is_nullable&gt;&lt;field_length&gt;50&lt;/field_length&gt;&lt;field_domain&gt;det_method_list&lt;/field_domain&gt;&lt;/AddField&gt;&lt;/workflow&gt;&lt;workflow&gt;&lt;AddField&gt;&lt;field_name&gt;or_src_id&lt;/field_name&gt;&lt;field_type&gt;TEXT&lt;/field_type&gt;&lt;field_alias&gt;Origin Source Identifier&lt;/field_alias&gt;&lt;field_is_nullable&gt;TRUE&lt;/field_is_nullable&gt;&lt;field_length&gt;50&lt;/field_length&gt;&lt;/AddField&gt;&lt;/workflow&gt;&lt;workflow&gt;&lt;AddField&gt;&lt;field_name&gt;emsn_id&lt;/field_name&gt;&lt;field_type&gt;TEXT&lt;/field_type&gt;&lt;field_alias&gt;Activation Code&lt;/field_alias&gt;&lt;field_is_nullable&gt;TRUE&lt;/field_is_nullable&gt;&lt;field_length&gt;50&lt;/field_length&gt;&lt;field_default_value&gt;EMSNxxx&lt;/field_default_value&gt;&lt;/AddField&gt;&lt;/workflow&gt;&lt;workflow&gt;&lt;AddField&gt;&lt;field_name&gt;fwc_type&lt;/field_name&gt;&lt;field_type&gt;TEXT&lt;/field_type&gt;&lt;field_alias&gt;Framework Contract Type&lt;/field_alias&gt;&lt;field_is_nullable&gt;TRUE&lt;/field_is_nullable&gt;&lt;field_length&gt;10&lt;/field_length&gt;&lt;field_default_value&gt;FLEX&lt;/field_default_value&gt;&lt;/AddField&gt;&lt;/workflow&gt;&lt;workflow&gt;&lt;AddField&gt;&lt;field_name&gt;aoi_id&lt;/field_name&gt;&lt;field_type&gt;TEXT&lt;/field_type&gt;&lt;field_alias&gt;AOI Id&lt;/field_alias&gt;&lt;field_is_nullable&gt;TRUE&lt;/field_is_nullable&gt;&lt;field_length&gt;50&lt;/field_length&gt;&lt;/AddField&gt;&lt;/workflow&gt;&lt;workflow&gt;&lt;AddField&gt;&lt;field_name&gt;name&lt;/field_name&gt;&lt;field_type&gt;TEXT&lt;/field_type&gt;&lt;field_alias&gt;AOI name&lt;/field_alias&gt;&lt;field_is_nullable&gt;TRUE&lt;/field_is_nullable&gt;&lt;field_length&gt;50&lt;/field_length&gt;&lt;field_default_value&gt;AOI name&lt;/field_default_value&gt;&lt;/AddField&gt;&lt;/workflow&gt;&lt;workflow&gt;&lt;AddField&gt;&lt;field_name&gt;country&lt;/field_name&gt;&lt;field_type&gt;TEXT&lt;/field_type&gt;&lt;field_alias&gt;Country&lt;/field_alias&gt;&lt;field_is_nullable&gt;TRUE&lt;/field_is_nullable&gt;&lt;field_length&gt;100&lt;/field_length&gt;&lt;/AddField&gt;&lt;/workflow&gt;&lt;workflow&gt;&lt;AddField&gt;&lt;field_name&gt;damage_grade&lt;/field_name&gt;&lt;field_type&gt;Short&lt;/field_type&gt;&lt;field_alias&gt;Damage Grade&lt;/field_alias&gt;&lt;field_is_nullable&gt;TRUE&lt;/field_is_nullable&gt;&lt;field_length&gt;2&lt;/field_length&gt;&lt;field_domain&gt;P01_FDG_FireGrading&lt;/field_domain&gt;&lt;/AddField&gt;&lt;/workflow&gt;&lt;workflow&gt;&lt;AddField&gt;&lt;field_name&gt;dmg_src_id&lt;/field_name&gt;&lt;field_type&gt;TEXT&lt;/field_type&gt;&lt;field_alias&gt;Damage Source Identifier&lt;/field_alias&gt;&lt;field_is_nullable&gt;TRUE&lt;/field_is_nullable&gt;&lt;field_length&gt;50&lt;/field_length&gt;&lt;/AddField&gt;&lt;/workflow&gt;&lt;workflow&gt;&lt;AddField&gt;&lt;field_name&gt;length_m&lt;/field_name&gt;&lt;field_type&gt;DOUBLE&lt;/field_type&gt;&lt;field_alias&gt;length_m&lt;/field_alias&gt;&lt;field_is_nullable&gt;TRUE&lt;/field_is_nullable&gt;&lt;field_length&gt;8&lt;/field_length&gt;&lt;/AddField&gt;&lt;/workflow&gt;&lt;workflow&gt;&lt;AddField&gt;&lt;field_name&gt;TRS&lt;/field_name&gt;&lt;field_type&gt;Long&lt;/field_type&gt;&lt;field_alias&gt;Transportation System Type&lt;/field_alias&gt;&lt;field_is_nullable&gt;TRUE&lt;/field_is_nullable&gt;&lt;field_length&gt;4&lt;/field_length&gt;&lt;field_domain&gt;TRS&lt;/field_domain&gt;&lt;/AddField&gt;&lt;/workflow&gt;&lt;workflow&gt;&lt;AddField&gt;&lt;field_name&gt;RST&lt;/field_name&gt;&lt;field_type&gt;Long&lt;/field_type&gt;&lt;field_alias&gt;Load-bearing Surface Type&lt;/field_alias&gt;&lt;field_is_nullable&gt;TRUE&lt;/field_is_nullable&gt;&lt;field_length&gt;4&lt;/field_length&gt;&lt;field_domain&gt;RST&lt;/field_domain&gt;&lt;/AddField&gt;&lt;/workflow&gt;&lt;workflow&gt;&lt;AddField&gt;&lt;field_name&gt;LOC&lt;/field_name&gt;&lt;field_type&gt;Long&lt;/field_type&gt;&lt;field_alias&gt;Vertical Relative Location&lt;/field_alias&gt;&lt;field_is_nullable&gt;TRUE&lt;/field_is_nullable&gt;&lt;field_length&gt;4&lt;/field_length&gt;&lt;field_domain&gt;LOC&lt;/field_domain&gt;&lt;/AddField&gt;&lt;/workflow&gt;&lt;/operationSequence&gt;"</Process><Process ToolSource="c:\program files\arcgis\pro\Resources\ArcToolbox\toolboxes\Data Management Tools.tbx\UpdateSchema" Date="20240621" Time="103858">UpdateSchema "F:\ITE\01_PROYECTOS\RRM_FLEX\Rumania Flood\4_Delivery\2_Geodeliverables\1_GDB\EMSN193_FLEX_UTM35N.gdb\Products\P01_TransportationP" &lt;operationSequence&gt;&lt;workflow&gt;&lt;AlterField&gt;&lt;field_name&gt;OBJECTID&lt;/field_name&gt;&lt;field_alias&gt;OBJECTID&lt;/field_alias&gt;&lt;/AlterField&gt;&lt;/workflow&gt;&lt;workflow&gt;&lt;AlterField&gt;&lt;field_name&gt;SHAPE&lt;/field_name&gt;&lt;field_alias&gt;SHAPE&lt;/field_alias&gt;&lt;/AlterField&gt;&lt;/workflow&gt;&lt;/operationSequence&gt;</Process><Process ToolSource="c:\program files\arcgis\pro\Resources\ArcToolbox\toolboxes\Data Management Tools.tbx\UpdateSchema" Date="20240621" Time="104704">UpdateSchema "CIMDATA=&lt;CIMFeatureDatasetDataConnection xsi:type='typens:CIMFeatureDatasetDataConnection' xmlns:xsi='http://www.w3.org/2001/XMLSchema-instance' xmlns:xs='http://www.w3.org/2001/XMLSchema' xmlns:typens='http://www.esri.com/schemas/ArcGIS/3.2.0'&gt;&lt;FeatureDataset&gt;Products&lt;/FeatureDataset&gt;&lt;WorkspaceConnectionString&gt;DATABASE=F:\ITE\01_PROYECTOS\RRM_FLEX\Rumania Flood\4_Delivery\2_Geodeliverables\1_GDB\EMSN193_FLEX_UTM35N.gdb&lt;/WorkspaceConnectionString&gt;&lt;WorkspaceFactory&gt;FileGDB&lt;/WorkspaceFactory&gt;&lt;Dataset&gt;P01_TransportationP&lt;/Dataset&gt;&lt;DatasetType&gt;esriDTFeatureClass&lt;/DatasetType&gt;&lt;/CIMFeatureDatasetDataConnection&gt;" "&lt;operationSequence&gt;&lt;workflow&gt;&lt;DeleteDomain&gt;&lt;domain_name&gt;frst_stg&lt;/domain_name&gt;&lt;/DeleteDomain&gt;&lt;/workflow&gt;&lt;workflow&gt;&lt;DeleteDomain&gt;&lt;domain_name&gt;P01_FDG_FireGrading&lt;/domain_name&gt;&lt;/DeleteDomain&gt;&lt;/workflow&gt;&lt;workflow&gt;&lt;AlterField&gt;&lt;field_name&gt;damage_grade&lt;/field_name&gt;&lt;new_field_name&gt;imp_asses&lt;/new_field_name&gt;&lt;field_alias&gt;Flood Impact Assessment&lt;/field_alias&gt;&lt;field_is_nullable&gt;True&lt;/field_is_nullable&gt;&lt;clear_field_alias&gt;False&lt;/clear_field_alias&gt;&lt;/AlterField&gt;&lt;AssignDomainToField&gt;&lt;field_name&gt;imp_asses&lt;/field_name&gt;&lt;domain_name&gt;ImpAsses&lt;/domain_name&gt;&lt;/AssignDomainToField&gt;&lt;/workflow&gt;&lt;/operationSequence&gt;"</Process><Process ToolSource="c:\program files\arcgis\pro\Resources\ArcToolbox\Toolboxes\Data Management Tools.tbx\UpdateSchema" Date="20240621" Time="110323">UpdateSchema "CIMDATA=&lt;CIMFeatureDatasetDataConnection xsi:type='typens:CIMFeatureDatasetDataConnection' xmlns:xsi='http://www.w3.org/2001/XMLSchema-instance' xmlns:xs='http://www.w3.org/2001/XMLSchema' xmlns:typens='http://www.esri.com/schemas/ArcGIS/3.2.0'&gt;&lt;FeatureDataset&gt;Products&lt;/FeatureDataset&gt;&lt;WorkspaceConnectionString&gt;DATABASE=F:\ITE\01_PROYECTOS\RRM_FLEX\Rumania Flood\4_Delivery\2_Geodeliverables\1_GDB\EMSN193_FLEX_UTM35N.gdb&lt;/WorkspaceConnectionString&gt;&lt;WorkspaceFactory&gt;FileGDB&lt;/WorkspaceFactory&gt;&lt;Dataset&gt;P01_TransportationP&lt;/Dataset&gt;&lt;DatasetType&gt;esriDTFeatureClass&lt;/DatasetType&gt;&lt;/CIMFeatureDatasetDataConnection&gt;" &lt;operationSequence&gt;&lt;workflow&gt;&lt;AlterField&gt;&lt;field_name&gt;imp_asses&lt;/field_name&gt;&lt;new_field_name&gt;imp_assess&lt;/new_field_name&gt;&lt;field_is_nullable&gt;True&lt;/field_is_nullable&gt;&lt;clear_field_alias&gt;False&lt;/clear_field_alias&gt;&lt;/AlterField&gt;&lt;/workflow&gt;&lt;/operationSequence&gt;</Process><Process ToolSource="c:\program files\arcgis\pro\Resources\ArcToolbox\toolboxes\Data Management Tools.tbx\UpdateSchema" Date="20240624" Time="173359">UpdateSchema "CIMDATA=&lt;CIMFeatureDatasetDataConnection xsi:type='typens:CIMFeatureDatasetDataConnection' xmlns:xsi='http://www.w3.org/2001/XMLSchema-instance' xmlns:xs='http://www.w3.org/2001/XMLSchema' xmlns:typens='http://www.esri.com/schemas/ArcGIS/3.2.0'&gt;&lt;FeatureDataset&gt;Products_UTM35N&lt;/FeatureDataset&gt;&lt;WorkspaceConnectionString&gt;DATABASE=F:\ITE\01_PROYECTOS\RRM_FLEX\Rumania Flood\4_Delivery\2_Geodeliverables\1_GDB\EMSN193_FLEX_UTM35N_MG.gdb&lt;/WorkspaceConnectionString&gt;&lt;WorkspaceFactory&gt;FileGDB&lt;/WorkspaceFactory&gt;&lt;Dataset&gt;P01_TransportationP_1&lt;/Dataset&gt;&lt;DatasetType&gt;esriDTFeatureClass&lt;/DatasetType&gt;&lt;/CIMFeatureDatasetDataConnection&gt;" &lt;operationSequence&gt;&lt;workflow&gt;&lt;AssignDomainToField&gt;&lt;field_name&gt;info&lt;/field_name&gt;&lt;domain_name&gt;HCT&lt;/domain_name&gt;&lt;/AssignDomainToField&gt;&lt;AssignDefaultToField&gt;&lt;field_name&gt;info&lt;/field_name&gt;&lt;default_value&gt;7&lt;/default_value&gt;&lt;/AssignDefaultToField&gt;&lt;/workflow&gt;&lt;/operationSequence&gt;</Process><Process ToolSource="c:\program files\arcgis\pro\Resources\ArcToolbox\toolboxes\Data Management Tools.tbx\Append" Date="20240624" Time="173523">Append 'F:\ITE\01_PROYECTOS\RRM_FLEX\Rumania Flood\3_Process\1_P1\EMSN193_schema_v6_GCS_topo.gdb\EMSN_GCS\bridgeP2' "F:\ITE\01_PROYECTOS\RRM_FLEX\Rumania Flood\4_Delivery\2_Geodeliverables\1_GDB\EMSN193_FLEX_UTM35N_MG.gdb\Products_UTM35N\P01_TransportationP_1" "Use the field map to reconcile field differences" "obj_type "Subtype (Element type)" true true false 4 Long 0 0,First,#;info "Ancillary attribute" true true false 4 Long 0 0,First,#;NAM "Name" true true false 100 Text 0 0,First,#,F:\ITE\01_PROYECTOS\RRM_FLEX\Rumania Flood\3_Process\1_P1\EMSN193_schema_v6_GCS_topo.gdb\EMSN_GCS\bridgeP2,NAM,0,79;FUN "Condition of Facility" true true false 4 Long 0 0,First,#,F:\ITE\01_PROYECTOS\RRM_FLEX\Rumania Flood\3_Process\1_P1\EMSN193_schema_v6_GCS_topo.gdb\EMSN_GCS\bridgeP2,FUN,-1,-1;det_method "Determination Method" true true false 50 Text 0 0,First,#;or_src_id "Origin Source Identifier" true true false 50 Text 0 0,First,#;emsn_id "Activation Code" true true false 50 Text 0 0,First,#;fwc_type "Framework Contract Type" true true false 10 Text 0 0,First,#;aoi_id "AOI Id" true true false 50 Text 0 0,First,#;name "AOI name" true true false 50 Text 0 0,First,#;country "Country" true true false 100 Text 0 0,First,#;imp_assess "Flood Impact Assessment" true true false 2 Short 0 0,First,#;dmg_src_id "Damage Source Identifier" true true false 50 Text 0 0,First,#;length_m "length_m" true true false 8 Double 0 0,First,#;TRS "Transportation System Type" true true false 4 Long 0 0,First,#,F:\ITE\01_PROYECTOS\RRM_FLEX\Rumania Flood\3_Process\1_P1\EMSN193_schema_v6_GCS_topo.gdb\EMSN_GCS\bridgeP2,TRS,-1,-1;RST "Load-bearing Surface Type" true true false 4 Long 0 0,First,#;LOC "Vertical Relative Location" true true false 4 Long 0 0,First,#" # # # NOT_UPDATE_GEOMETRY</Process><Process ToolSource="c:\program files\arcgis\pro\Resources\ArcToolbox\toolboxes\Data Management Tools.tbx\UpdateSchema" Date="20240624" Time="174005">UpdateSchema "F:\ITE\01_PROYECTOS\RRM_FLEX\Rumania Flood\4_Delivery\2_Geodeliverables\1_GDB\EMSN193_FLEX_UTM35N_MG.gdb\Products_UTM35N\P01_TransportationP_1" &lt;operationSequence&gt;&lt;workflow&gt;&lt;AssignDefaultToField&gt;&lt;field_name&gt;obj_type&lt;/field_name&gt;&lt;default_value&gt;214&lt;/default_value&gt;&lt;/AssignDefaultToField&gt;&lt;/workflow&gt;&lt;workflow&gt;&lt;SetSubtypeField&gt;&lt;field_name&gt;obj_type&lt;/field_name&gt;&lt;/SetSubtypeField&gt;&lt;/workflow&gt;&lt;workflow&gt;&lt;AddSubtype&gt;&lt;subtype_code&gt;214&lt;/subtype_code&gt;&lt;subtype_description&gt;Bridge&lt;/subtype_description&gt;&lt;/AddSubtype&gt;&lt;/workflow&gt;&lt;workflow&gt;&lt;SetDefaultSubtype&gt;&lt;subtype_code&gt;214&lt;/subtype_code&gt;&lt;/SetDefaultSubtype&gt;&lt;/workflow&gt;&lt;/operationSequence&gt;</Process><Process ToolSource="c:\program files\arcgis\pro\Resources\ArcToolbox\toolboxes\Data Management Tools.tbx\CalculateField" Date="20240624" Time="174031">CalculateField P01_TransportationP_1 obj_type 214 Python # Text NO_ENFORCE_DOMAINS</Process><Process ToolSource="c:\program files\arcgis\pro\Resources\ArcToolbox\toolboxes\Data Management Tools.tbx\Rename" Date="20240627" Time="150523">Rename "F:\ITE\01_PROYECTOS\RRM_FLEX\Rumania Flood\4_Delivery\2_Geodeliverables\1_GDB\EMSN193_FLEX_UTM35N_MG.gdb\Products_UTM35N\P01_TransportationP" "F:\ITE\01_PROYECTOS\RRM_FLEX\Rumania Flood\4_Delivery\2_Geodeliverables\1_GDB\EMSN193_FLEX_UTM35N_MG.gdb\Products_UTM35N\P01_REF_TransportationP" FeatureClass</Process><Process ToolSource="c:\program files\arcgis\pro\Resources\ArcToolbox\toolboxes\Data Management Tools.tbx\CopyMultiple" Date="20240627" Time="151123">CopyMultiple "'F:\ITE\01_PROYECTOS\RRM_FLEX\Rumania Flood\4_Delivery\2_Geodeliverables\1_GDB\EMSN193_FLEX_UTM35N_MG.gdb\Products_UTM35N\P01_REF_TransportationL' FeatureClass;'F:\ITE\01_PROYECTOS\RRM_FLEX\Rumania Flood\4_Delivery\2_Geodeliverables\1_GDB\EMSN193_FLEX_UTM35N_MG.gdb\Products_UTM35N\P01_REF_TransportationP' FeatureClass" "F:\ITE\01_PROYECTOS\RRM_FLEX\Rumania Flood\4_Delivery\2_Geodeliverables\1_GDB\EMSN193_FLEX_UTM35N_MG.gdb\Products_UTM35N" P01_REF_TransportationL_1;P01_REF_TransportationP_1 "P01_REF_TransportationL FeatureClass P01_REF_TransportationL_1 #;P01_REF_TransportationP FeatureClass P01_REF_TransportationP_1 #"</Process><Process ToolSource="c:\program files\arcgis\pro\Resources\ArcToolbox\toolboxes\Data Management Tools.tbx\Rename" Date="20240627" Time="151229">Rename "F:\ITE\01_PROYECTOS\RRM_FLEX\Rumania Flood\4_Delivery\2_Geodeliverables\1_GDB\EMSN193_FLEX_UTM35N_MG.gdb\Products_UTM35N\P01_REF_TransportationP_1" "F:\ITE\01_PROYECTOS\RRM_FLEX\Rumania Flood\4_Delivery\2_Geodeliverables\1_GDB\EMSN193_FLEX_UTM35N_MG.gdb\Products_UTM35N\P04_EXP_TransportationP" FeatureClass</Process><Process ToolSource="c:\program files\arcgis\pro\Resources\ArcToolbox\toolboxes\Data Management Tools.tbx\UpdateSchema" Date="20240627" Time="153620">UpdateSchema "CIMDATA=&lt;CIMFeatureDatasetDataConnection xsi:type='typens:CIMFeatureDatasetDataConnection' xmlns:xsi='http://www.w3.org/2001/XMLSchema-instance' xmlns:xs='http://www.w3.org/2001/XMLSchema' xmlns:typens='http://www.esri.com/schemas/ArcGIS/3.2.0'&gt;&lt;FeatureDataset&gt;Products_UTM35N&lt;/FeatureDataset&gt;&lt;WorkspaceConnectionString&gt;DATABASE=F:\ITE\01_PROYECTOS\RRM_FLEX\Rumania Flood\4_Delivery\2_Geodeliverables\1_GDB\EMSN193_FLEX_UTM35N_MG.gdb&lt;/WorkspaceConnectionString&gt;&lt;WorkspaceFactory&gt;FileGDB&lt;/WorkspaceFactory&gt;&lt;Dataset&gt;P04_EXP_TransportationP&lt;/Dataset&gt;&lt;DatasetType&gt;esriDTFeatureClass&lt;/DatasetType&gt;&lt;/CIMFeatureDatasetDataConnection&gt;" "&lt;operationSequence&gt;&lt;workflow&gt;&lt;DeleteField&gt;&lt;field_name&gt;TRS&lt;/field_name&gt;&lt;/DeleteField&gt;&lt;/workflow&gt;&lt;workflow&gt;&lt;AddField&gt;&lt;field_name&gt;imp_assess1&lt;/field_name&gt;&lt;field_type&gt;SHORT&lt;/field_type&gt;&lt;field_alias&gt;Flood Impact Assessment&lt;/field_alias&gt;&lt;field_is_nullable&gt;True&lt;/field_is_nullable&gt;&lt;field_is_required&gt;False&lt;/field_is_required&gt;&lt;/AddField&gt;&lt;/workflow&gt;&lt;workflow&gt;&lt;AddField&gt;&lt;field_name&gt;dmg_src_id1&lt;/field_name&gt;&lt;field_type&gt;TEXT&lt;/field_type&gt;&lt;field_length&gt;50&lt;/field_length&gt;&lt;field_alias&gt;Damage Source Identifier&lt;/field_alias&gt;&lt;field_is_nullable&gt;True&lt;/field_is_nullable&gt;&lt;field_is_required&gt;False&lt;/field_is_required&gt;&lt;/AddField&gt;&lt;/workflow&gt;&lt;workflow&gt;&lt;AddField&gt;&lt;field_name&gt;waterdepth&lt;/field_name&gt;&lt;field_type&gt;SHORT&lt;/field_type&gt;&lt;field_alias&gt;Water depth range&lt;/field_alias&gt;&lt;field_is_nullable&gt;True&lt;/field_is_nullable&gt;&lt;field_is_required&gt;False&lt;/field_is_required&gt;&lt;field_domain&gt;WDR&lt;/field_domain&gt;&lt;/AddField&gt;&lt;/workflow&gt;&lt;/operationSequence&gt;"</Process><Process ToolSource="c:\program files\arcgis\pro\Resources\ArcToolbox\toolboxes\Data Management Tools.tbx\CalculateField" Date="20240628" Time="162811">CalculateField "F:\ITE\01_PROYECTOS\RRM_FLEX\Rumania Flood\4_Delivery\2_Geodeliverables\1_GDB\EMSN193_FLEX_UTM35N_MG.gdb\Products_UTM35N\P04_EXP_TransportationP" emsn_id 'EMSN193' Python # Text NO_ENFORCE_DOMAINS</Process><Process ToolSource="c:\program files\arcgis\pro\Resources\ArcToolbox\toolboxes\Data Management Tools.tbx\CalculateField" Date="20240628" Time="162817">CalculateField "F:\ITE\01_PROYECTOS\RRM_FLEX\Rumania Flood\4_Delivery\2_Geodeliverables\1_GDB\EMSN193_FLEX_UTM35N_MG.gdb\Products_UTM35N\P04_EXP_TransportationP" fwc_type 'FLEX' Python # Text NO_ENFORCE_DOMAINS</Process><Process ToolSource="c:\program files\arcgis\pro\Resources\ArcToolbox\toolboxes\Data Management Tools.tbx\CalculateField" Date="20240628" Time="162823">CalculateField "F:\ITE\01_PROYECTOS\RRM_FLEX\Rumania Flood\4_Delivery\2_Geodeliverables\1_GDB\EMSN193_FLEX_UTM35N_MG.gdb\Products_UTM35N\P04_EXP_TransportationP" aoi_id '01' Python # Text NO_ENFORCE_DOMAINS</Process><Process ToolSource="c:\program files\arcgis\pro\Resources\ArcToolbox\toolboxes\Data Management Tools.tbx\CalculateField" Date="20240628" Time="162830">CalculateField "F:\ITE\01_PROYECTOS\RRM_FLEX\Rumania Flood\4_Delivery\2_Geodeliverables\1_GDB\EMSN193_FLEX_UTM35N_MG.gdb\Products_UTM35N\P04_EXP_TransportationP" name 'Tazlau river' Python # Text NO_ENFORCE_DOMAINS</Process><Process ToolSource="c:\program files\arcgis\pro\Resources\ArcToolbox\toolboxes\Data Management Tools.tbx\CalculateField" Date="20240628" Time="162836">CalculateField "F:\ITE\01_PROYECTOS\RRM_FLEX\Rumania Flood\4_Delivery\2_Geodeliverables\1_GDB\EMSN193_FLEX_UTM35N_MG.gdb\Products_UTM35N\P04_EXP_TransportationP" country 'Romania' Python # Text NO_ENFORCE_DOMAINS</Process><Process ToolSource="c:\program files\arcgis\pro\Resources\ArcToolbox\toolboxes\Data Management Tools.tbx\UpdateSchema" Date="20240702" Time="154156">UpdateSchema "F:\ITE\01_PROYECTOS\RRM_FLEX\Rumania Flood\4_Delivery\2_Geodeliverables\1_GDB\EMSN193_FLEX_UTM35N.gdb\Products_UTM35N\P04_EXP_TransportationP" "&lt;operationSequence&gt;&lt;workflow&gt;&lt;AssignDefaultToField&gt;&lt;field_name&gt;emsn_id&lt;/field_name&gt;&lt;default_value&gt;EMSN193&lt;/default_value&gt;&lt;subtype_code&gt;214&lt;/subtype_code&gt;&lt;/AssignDefaultToField&gt;&lt;/workflow&gt;&lt;workflow&gt;&lt;AssignDefaultToField&gt;&lt;field_name&gt;aoi_id&lt;/field_name&gt;&lt;default_value&gt;01&lt;/default_value&gt;&lt;subtype_code&gt;214&lt;/subtype_code&gt;&lt;/AssignDefaultToField&gt;&lt;/workflow&gt;&lt;workflow&gt;&lt;AssignDefaultToField&gt;&lt;field_name&gt;name&lt;/field_name&gt;&lt;default_value&gt;Tazlau RIver&lt;/default_value&gt;&lt;subtype_code&gt;214&lt;/subtype_code&gt;&lt;/AssignDefaultToField&gt;&lt;/workflow&gt;&lt;workflow&gt;&lt;AssignDefaultToField&gt;&lt;field_name&gt;country&lt;/field_name&gt;&lt;default_value&gt;Romania&lt;/default_value&gt;&lt;subtype_code&gt;214&lt;/subtype_code&gt;&lt;/AssignDefaultToField&gt;&lt;/workflow&gt;&lt;workflow&gt;&lt;AssignDomainToField&gt;&lt;field_name&gt;waterdepth&lt;/field_name&gt;&lt;domain_name&gt;WDR&lt;/domain_name&gt;&lt;subtype_code&gt;214&lt;/subtype_code&gt;&lt;/AssignDomainToField&gt;&lt;/workflow&gt;&lt;/operationSequence&gt;"</Process><Process ToolSource="c:\program files\arcgis\pro\Resources\ArcToolbox\toolboxes\Data Management Tools.tbx\UpdateSchema" Date="20240702" Time="154226">UpdateSchema "F:\ITE\01_PROYECTOS\RRM_FLEX\Rumania Flood\4_Delivery\2_Geodeliverables\1_GDB\EMSN193_FLEX_UTM35N.gdb\Products_UTM35N\P04_EXP_TransportationP" &lt;operationSequence&gt;&lt;workflow&gt;&lt;AssignDefaultToField&gt;&lt;field_name&gt;or_src_id&lt;/field_name&gt;&lt;default_value&gt;7&lt;/default_value&gt;&lt;subtype_code&gt;214&lt;/subtype_code&gt;&lt;/AssignDefaultToField&gt;&lt;/workflow&gt;&lt;/operationSequence&gt;</Process><Process ToolSource="c:\program files\arcgis\pro\Resources\ArcToolbox\toolboxes\Data Management Tools.tbx\Append" Date="20240702" Time="154305">Append P01_REF_TransportationP_grading "F:\ITE\01_PROYECTOS\RRM_FLEX\Rumania Flood\4_Delivery\2_Geodeliverables\1_GDB\EMSN193_FLEX_UTM35N.gdb\Products_UTM35N\P04_EXP_TransportationP" "Use the field map to reconcile field differences" "obj_type "Subtype (Element type)" true true false 4 Long 0 0,First,#,F:\ITE\01_PROYECTOS\RRM_FLEX\Rumania Flood\3_Process\4_P4\Cruces_P4\Cruces_P4.gdb\P01_REF_TransportationP_grading,obj_type,-1,-1;info "Ancillary attribute" true true false 4 Long 0 0,First,#,F:\ITE\01_PROYECTOS\RRM_FLEX\Rumania Flood\3_Process\4_P4\Cruces_P4\Cruces_P4.gdb\P01_REF_TransportationP_grading,info,-1,-1;NAM "Name" true true false 100 Text 0 0,First,#,F:\ITE\01_PROYECTOS\RRM_FLEX\Rumania Flood\3_Process\4_P4\Cruces_P4\Cruces_P4.gdb\P01_REF_TransportationP_grading,NAM,0,99;FUN "Condition of Facility" true true false 4 Long 0 0,First,#,F:\ITE\01_PROYECTOS\RRM_FLEX\Rumania Flood\3_Process\4_P4\Cruces_P4\Cruces_P4.gdb\P01_REF_TransportationP_grading,FUN,-1,-1;det_method "Determination Method" true true false 50 Text 0 0,First,#,F:\ITE\01_PROYECTOS\RRM_FLEX\Rumania Flood\3_Process\4_P4\Cruces_P4\Cruces_P4.gdb\P01_REF_TransportationP_grading,det_method,0,49;or_src_id "Origin Source Identifier" true true false 50 Text 0 0,First,#,F:\ITE\01_PROYECTOS\RRM_FLEX\Rumania Flood\3_Process\4_P4\Cruces_P4\Cruces_P4.gdb\P01_REF_TransportationP_grading,or_src_id,0,49;emsn_id "Activation Code" true true false 50 Text 0 0,First,#,F:\ITE\01_PROYECTOS\RRM_FLEX\Rumania Flood\3_Process\4_P4\Cruces_P4\Cruces_P4.gdb\P01_REF_TransportationP_grading,emsn_id,0,49;fwc_type "Framework Contract Type" true true false 10 Text 0 0,First,#,F:\ITE\01_PROYECTOS\RRM_FLEX\Rumania Flood\3_Process\4_P4\Cruces_P4\Cruces_P4.gdb\P01_REF_TransportationP_grading,fwc_type,0,9;aoi_id "AOI Id" true true false 50 Text 0 0,First,#,F:\ITE\01_PROYECTOS\RRM_FLEX\Rumania Flood\3_Process\4_P4\Cruces_P4\Cruces_P4.gdb\P01_REF_TransportationP_grading,aoi_id,0,49;name "AOI name" true true false 50 Text 0 0,First,#,F:\ITE\01_PROYECTOS\RRM_FLEX\Rumania Flood\3_Process\4_P4\Cruces_P4\Cruces_P4.gdb\P01_REF_TransportationP_grading,name,0,49;country "Country" true true false 100 Text 0 0,First,#,F:\ITE\01_PROYECTOS\RRM_FLEX\Rumania Flood\3_Process\4_P4\Cruces_P4\Cruces_P4.gdb\P01_REF_TransportationP_grading,country,0,99;imp_assess "Flood Impact Assessment" true true false 2 Short 0 0,First,#,P01_REF_TransportationP_grading,GRADING,-1,-1;dmg_src_id "Damage Source Identifier" true true false 50 Text 0 0,First,#;length_m "length_m" true true false 8 Double 0 0,First,#;RST "Load-bearing Surface Type" true true false 4 Long 0 0,First,#,F:\ITE\01_PROYECTOS\RRM_FLEX\Rumania Flood\3_Process\4_P4\Cruces_P4\Cruces_P4.gdb\P01_REF_TransportationP_grading,RST,-1,-1;LOC "Vertical Relative Location" true true false 4 Long 0 0,First,#,F:\ITE\01_PROYECTOS\RRM_FLEX\Rumania Flood\3_Process\4_P4\Cruces_P4\Cruces_P4.gdb\P01_REF_TransportationP_grading,LOC,-1,-1;imp_assess1 "Flood Impact Assessment" true true false 2 Short 0 0,First,#;dmg_src_id1 "Damage Source Identifier" true true false 50 Text 0 0,First,#;waterdepth "Water depth range" true true false 2 Short 0 0,First,#,P01_REF_TransportationP_grading,GRADING,-1,-1" Bridge # # NOT_UPDATE_GEOMETRY</Process><Process ToolSource="c:\program files\arcgis\pro\Resources\ArcToolbox\toolboxes\Data Management Tools.tbx\UpdateSchema" Date="20240702" Time="154406">UpdateSchema "CIMDATA=&lt;CIMFeatureDatasetDataConnection xsi:type='typens:CIMFeatureDatasetDataConnection' xmlns:xsi='http://www.w3.org/2001/XMLSchema-instance' xmlns:xs='http://www.w3.org/2001/XMLSchema' xmlns:typens='http://www.esri.com/schemas/ArcGIS/3.2.0'&gt;&lt;FeatureDataset&gt;Products_UTM35N&lt;/FeatureDataset&gt;&lt;WorkspaceConnectionString&gt;DATABASE=F:\ITE\01_PROYECTOS\RRM_FLEX\Rumania Flood\4_Delivery\2_Geodeliverables\1_GDB\EMSN193_FLEX_UTM35N.gdb&lt;/WorkspaceConnectionString&gt;&lt;WorkspaceFactory&gt;FileGDB&lt;/WorkspaceFactory&gt;&lt;Dataset&gt;P04_EXP_TransportationP&lt;/Dataset&gt;&lt;DatasetType&gt;esriDTFeatureClass&lt;/DatasetType&gt;&lt;/CIMFeatureDatasetDataConnection&gt;" &lt;operationSequence&gt;&lt;workflow&gt;&lt;DeleteField&gt;&lt;field_name&gt;length_m&lt;/field_name&gt;&lt;/DeleteField&gt;&lt;/workflow&gt;&lt;/operationSequence&gt;</Process><Process ToolSource="c:\program files\arcgis\pro\Resources\ArcToolbox\toolboxes\Data Management Tools.tbx\UpdateSchema" Date="20240702" Time="154512">UpdateSchema "CIMDATA=&lt;CIMFeatureDatasetDataConnection xsi:type='typens:CIMFeatureDatasetDataConnection' xmlns:xsi='http://www.w3.org/2001/XMLSchema-instance' xmlns:xs='http://www.w3.org/2001/XMLSchema' xmlns:typens='http://www.esri.com/schemas/ArcGIS/3.2.0'&gt;&lt;FeatureDataset&gt;Products_UTM35N&lt;/FeatureDataset&gt;&lt;WorkspaceConnectionString&gt;DATABASE=F:\ITE\01_PROYECTOS\RRM_FLEX\Rumania Flood\4_Delivery\2_Geodeliverables\1_GDB\EMSN193_FLEX_UTM35N.gdb&lt;/WorkspaceConnectionString&gt;&lt;WorkspaceFactory&gt;FileGDB&lt;/WorkspaceFactory&gt;&lt;Dataset&gt;P04_EXP_TransportationP&lt;/Dataset&gt;&lt;DatasetType&gt;esriDTFeatureClass&lt;/DatasetType&gt;&lt;/CIMFeatureDatasetDataConnection&gt;" &lt;operationSequence&gt;&lt;workflow&gt;&lt;DeleteField&gt;&lt;field_name&gt;imp_assess1&lt;/field_name&gt;&lt;field_name&gt;dmg_src_id1&lt;/field_name&gt;&lt;/DeleteField&gt;&lt;/workflow&gt;&lt;/operationSequence&gt;</Process><Process ToolSource="c:\program files\arcgis\pro\Resources\ArcToolbox\toolboxes\Data Management Tools.tbx\CalculateField" Date="20240702" Time="154917">CalculateField P04_EXP_TransportationP dmg_src_id "12" Python # Text NO_ENFORCE_DOMAINS</Process><Process ToolSource="c:\program files\arcgis\pro\Resources\ArcToolbox\toolboxes\Data Management Tools.tbx\CalculateField" Date="20240702" Time="154932">CalculateField P04_EXP_TransportationP det_method "1,3" Python # Text NO_ENFORCE_DOMAINS</Process><Process ToolSource="c:\program files (x86)\arcgis\desktop10.5\ArcToolbox\Toolboxes\Conversion Tools.tbx\FeatureClassToFeatureClass" Date="20240710" Time="125858">FeatureClassToFeatureClass GPL0 E:\EMSN_2024\EMSNXXX-FlooRiskAssess_Romania\07_ProduccPhase\Avances\Delivery\2_Geodeliverables\1_GDB\shapes P04_EXP_TransportationP # "obj_type "obj_type" true true false 255 Text 0 0 ,First,#,E:\EMSN_2024\EMSNXXX-FlooRiskAssess_Romania\07_ProduccPhase\Avances\Delivery\2_Geodeliverables\1_GDB\EMSN193_FLEX_UTM35N_v01.gdb\Products\P04_EXP_TransportationP,obj_type,-1,-1;info "info" true true false 255 Text 0 0 ,First,#,E:\EMSN_2024\EMSNXXX-FlooRiskAssess_Romania\07_ProduccPhase\Avances\Delivery\2_Geodeliverables\1_GDB\EMSN193_FLEX_UTM35N_v01.gdb\Products\P04_EXP_TransportationP,info,-1,-1;NAM "Name" true true false 100 Text 0 0 ,First,#,E:\EMSN_2024\EMSNXXX-FlooRiskAssess_Romania\07_ProduccPhase\Avances\Delivery\2_Geodeliverables\1_GDB\EMSN193_FLEX_UTM35N_v01.gdb\Products\P04_EXP_TransportationP,NAM,-1,-1;FUN "FUN" true true false 255 Text 0 0 ,First,#,E:\EMSN_2024\EMSNXXX-FlooRiskAssess_Romania\07_ProduccPhase\Avances\Delivery\2_Geodeliverables\1_GDB\EMSN193_FLEX_UTM35N_v01.gdb\Products\P04_EXP_TransportationP,FUN,-1,-1;det_method "det_method" true true false 255 Text 0 0 ,First,#,E:\EMSN_2024\EMSNXXX-FlooRiskAssess_Romania\07_ProduccPhase\Avances\Delivery\2_Geodeliverables\1_GDB\EMSN193_FLEX_UTM35N_v01.gdb\Products\P04_EXP_TransportationP,det_method,-1,-1;or_src_id "Origin Source Identifier" true true false 50 Text 0 0 ,First,#,E:\EMSN_2024\EMSNXXX-FlooRiskAssess_Romania\07_ProduccPhase\Avances\Delivery\2_Geodeliverables\1_GDB\EMSN193_FLEX_UTM35N_v01.gdb\Products\P04_EXP_TransportationP,or_src_id,-1,-1;emsn_id "Activation Code" true true false 50 Text 0 0 ,First,#,E:\EMSN_2024\EMSNXXX-FlooRiskAssess_Romania\07_ProduccPhase\Avances\Delivery\2_Geodeliverables\1_GDB\EMSN193_FLEX_UTM35N_v01.gdb\Products\P04_EXP_TransportationP,emsn_id,-1,-1;fwc_type "Framework Contract Type" true true false 10 Text 0 0 ,First,#,E:\EMSN_2024\EMSNXXX-FlooRiskAssess_Romania\07_ProduccPhase\Avances\Delivery\2_Geodeliverables\1_GDB\EMSN193_FLEX_UTM35N_v01.gdb\Products\P04_EXP_TransportationP,fwc_type,-1,-1;aoi_id "AOI Id" true true false 50 Text 0 0 ,First,#,E:\EMSN_2024\EMSNXXX-FlooRiskAssess_Romania\07_ProduccPhase\Avances\Delivery\2_Geodeliverables\1_GDB\EMSN193_FLEX_UTM35N_v01.gdb\Products\P04_EXP_TransportationP,aoi_id,-1,-1;name "AOI name" true true false 50 Text 0 0 ,First,#,E:\EMSN_2024\EMSNXXX-FlooRiskAssess_Romania\07_ProduccPhase\Avances\Delivery\2_Geodeliverables\1_GDB\EMSN193_FLEX_UTM35N_v01.gdb\Products\P04_EXP_TransportationP,name,-1,-1;country "Country" true true false 100 Text 0 0 ,First,#,E:\EMSN_2024\EMSNXXX-FlooRiskAssess_Romania\07_ProduccPhase\Avances\Delivery\2_Geodeliverables\1_GDB\EMSN193_FLEX_UTM35N_v01.gdb\Products\P04_EXP_TransportationP,country,-1,-1;imp_assess "imp_assess" true true false 255 Text 0 0 ,First,#,E:\EMSN_2024\EMSNXXX-FlooRiskAssess_Romania\07_ProduccPhase\Avances\Delivery\2_Geodeliverables\1_GDB\EMSN193_FLEX_UTM35N_v01.gdb\Products\P04_EXP_TransportationP,imp_assess,-1,-1;dmg_src_id "Damage Source Identifier" true true false 50 Text 0 0 ,First,#,E:\EMSN_2024\EMSNXXX-FlooRiskAssess_Romania\07_ProduccPhase\Avances\Delivery\2_Geodeliverables\1_GDB\EMSN193_FLEX_UTM35N_v01.gdb\Products\P04_EXP_TransportationP,dmg_src_id,-1,-1;RST "RST" true true false 255 Text 0 0 ,First,#,E:\EMSN_2024\EMSNXXX-FlooRiskAssess_Romania\07_ProduccPhase\Avances\Delivery\2_Geodeliverables\1_GDB\EMSN193_FLEX_UTM35N_v01.gdb\Products\P04_EXP_TransportationP,RST,-1,-1;LOC "LOC" true true false 255 Text 0 0 ,First,#,E:\EMSN_2024\EMSNXXX-FlooRiskAssess_Romania\07_ProduccPhase\Avances\Delivery\2_Geodeliverables\1_GDB\EMSN193_FLEX_UTM35N_v01.gdb\Products\P04_EXP_TransportationP,LOC,-1,-1;waterdepth "waterdepth" true true false 255 Text 0 0 ,First,#,E:\EMSN_2024\EMSNXXX-FlooRiskAssess_Romania\07_ProduccPhase\Avances\Delivery\2_Geodeliverables\1_GDB\EMSN193_FLEX_UTM35N_v01.gdb\Products\P04_EXP_TransportationP,waterdepth,-1,-1" #</Process></lineage><itemProps><itemLocation><linkage Sync="TRUE">file://\\FCANO10A\E$\EMSN_2024\EMSNXXX-FlooRiskAssess_Romania\07_ProduccPhase\Avances\Delivery\2_Geodeliverables\1_GDB\shapes\P04_EXP_TransportationP.shp</linkage><protocol Sync="TRUE">Local Area Network</protocol></itemLocation><itemName Sync="TRUE">P04_EXP_TransportationP</itemName><imsContentType Sync="TRUE">002</imsContentType><itemSize Sync="TRUE">0.000</itemSize></itemProps><coordRef><type Sync="TRUE">Projected</type><geogcsn Sync="TRUE">GCS_WGS_1984</geogcsn><csUnits Sync="TRUE">Linear Unit: Meter (1.000000)</csUnits><projcsn Sync="TRUE">WGS_1984_UTM_Zone_35N</projcsn><peXml Sync="TRUE">&lt;ProjectedCoordinateSystem xsi:type='typens:ProjectedCoordinateSystem' xmlns:xsi='http://www.w3.org/2001/XMLSchema-instance' xmlns:xs='http://www.w3.org/2001/XMLSchema' xmlns:typens='http://www.esri.com/schemas/ArcGIS/10.5'&gt;&lt;WKT&gt;PROJCS[&amp;quot;WGS_1984_UTM_Zone_35N&amp;quot;,GEOGCS[&amp;quot;GCS_WGS_1984&amp;quot;,DATUM[&amp;quot;D_WGS_1984&amp;quot;,SPHEROID[&amp;quot;WGS_1984&amp;quot;,6378137.0,298.257223563]],PRIMEM[&amp;quot;Greenwich&amp;quot;,0.0],UNIT[&amp;quot;Degree&amp;quot;,0.0174532925199433]],PROJECTION[&amp;quot;Transverse_Mercator&amp;quot;],PARAMETER[&amp;quot;False_Easting&amp;quot;,500000.0],PARAMETER[&amp;quot;False_Northing&amp;quot;,0.0],PARAMETER[&amp;quot;Central_Meridian&amp;quot;,27.0],PARAMETER[&amp;quot;Scale_Factor&amp;quot;,0.9996],PARAMETER[&amp;quot;Latitude_Of_Origin&amp;quot;,0.0],UNIT[&amp;quot;Meter&amp;quot;,1.0],AUTHORITY[&amp;quot;EPSG&amp;quot;,32635]]&lt;/WKT&gt;&lt;XOrigin&gt;-5120900&lt;/XOrigin&gt;&lt;YOrigin&gt;-9998100&lt;/YOrigin&gt;&lt;XYScale&gt;450445547.3910538&lt;/XYScale&gt;&lt;ZOrigin&gt;-100000&lt;/ZOrigin&gt;&lt;ZScale&gt;10000&lt;/ZScale&gt;&lt;MOrigin&gt;-100000&lt;/MOrigin&gt;&lt;MScale&gt;10000&lt;/MScale&gt;&lt;XYTolerance&gt;0.001&lt;/XYTolerance&gt;&lt;ZTolerance&gt;0.001&lt;/ZTolerance&gt;&lt;MTolerance&gt;0.001&lt;/MTolerance&gt;&lt;HighPrecision&gt;true&lt;/HighPrecision&gt;&lt;WKID&gt;32635&lt;/WKID&gt;&lt;LatestWKID&gt;32635&lt;/LatestWKID&gt;&lt;/ProjectedCoordinateSystem&gt;</peXml></coordRef></DataProperties><SyncDate>20240710</SyncDate><SyncTime>12585800</SyncTime><ModDate>20240710</ModDate><ModTime>12585800</ModTime></Esri><dataIdInfo><envirDesc Sync="TRUE"> Version 6.2 (Build 9200) ; Esri ArcGIS 10.5.1.7333</envirDesc><dataLang><languageCode value="spa" Sync="TRUE"></languageCode><countryCode value="ESP" Sync="TRUE"></countryCode></dataLang><idCitation><resTitle Sync="TRUE">P04_EXP_TransportationP</resTitle><presForm><PresFormCd value="005" Sync="TRUE"></PresFormCd></presForm></idCitation><spatRpType><SpatRepTypCd value="001" Sync="TRUE"></SpatRepTypCd></spatRpType></dataIdInfo><mdLang><languageCode value="spa" Sync="TRUE"></languageCode><countryCode value="ESP" Sync="TRUE"></countryCode></mdLang><distInfo><distFormat><formatName Sync="TRUE">Shapefile</formatName></distFormat><distTranOps><transSize Sync="TRUE">0.000</transSize></distTranOps></distInfo><mdHrLv><ScopeCd value="005" Sync="TRUE"></ScopeCd></mdHrLv><mdHrLvName Sync="TRUE">dataset</mdHrLvName><refSysInfo><RefSystem><refSysID><identCode code="32635" Sync="TRUE"></identCode><idCodeSpace Sync="TRUE">EPSG</idCodeSpace><idVersion Sync="TRUE">7.1(3.0.1)</idVersion></refSysID></RefSystem></refSysInfo><spatRepInfo><VectSpatRep><geometObjs Name="P04_EXP_TransportationP"><geoObjTyp><GeoObjTypCd value="004" Sync="TRUE"></GeoObjTypCd></geoObjTyp><geoObjCnt Sync="TRUE">0</geoObjCnt></geometObjs><topLvl><TopoLevCd value="001" Sync="TRUE"></TopoLevCd></topLvl></VectSpatRep></spatRepInfo><spdoinfo><ptvctinf><esriterm Name="P04_EXP_TransportationP"><efeatyp Sync="TRUE">Simple</efeatyp><efeageom code="1" Sync="TRUE"></efeageom><esritopo Sync="TRUE">FALSE</esritopo><efeacnt Sync="TRUE">0</efeacnt><spindex Sync="TRUE">FALSE</spindex><linrefer Sync="TRUE">TRUE</linrefer></esriterm></ptvctinf></spdoinfo><eainfo><detailed Name="P04_EXP_TransportationP"><enttyp><enttypl Sync="TRUE">P04_EXP_TransportationP</enttypl><enttypt Sync="TRUE">Feature Class</enttypt><enttypc Sync="TRUE">0</enttypc></enttyp><attr><attrlabl Sync="TRUE">FID</attrlabl><attalias Sync="TRUE">FID</attalias><attrtype Sync="TRUE">OID</attrtype><attwidth Sync="TRUE">4</attwidth><atprecis Sync="TRUE">0</atprecis><attscale Sync="TRUE">0</attscale><attrdef Sync="TRUE">Internal feature number.</attrdef><attrdefs Sync="TRUE">Esri</attrdefs><attrdomv><udom Sync="TRUE">Sequential unique whole numbers that are automatically generated.</udom></attrdomv></attr><attr><attrlabl Sync="TRUE">Shape</attrlabl><attalias Sync="TRUE">Shape</attalias><attrtype Sync="TRUE">Geometry</attrtype><attwidth Sync="TRUE">0</attwidth><atprecis Sync="TRUE">0</atprecis><attscale Sync="TRUE">0</attscale><attrdef Sync="TRUE">Feature geometry.</attrdef><attrdefs Sync="TRUE">Esri</attrdefs><attrdomv><udom Sync="TRUE">Coordinates defining the features.</udom></attrdomv></attr><attr><attrlabl Sync="TRUE">obj_type</attrlabl><attalias Sync="TRUE">obj_type</attalias><attrtype Sync="TRUE">String</attrtype><attwidth Sync="TRUE">254</attwidth><atprecis Sync="TRUE">0</atprecis><attscale Sync="TRUE">0</attscale></attr><attr><attrlabl Sync="TRUE">info</attrlabl><attalias Sync="TRUE">info</attalias><attrtype Sync="TRUE">String</attrtype><attwidth Sync="TRUE">254</attwidth><atprecis Sync="TRUE">0</atprecis><attscale Sync="TRUE">0</attscale></attr><attr><attrlabl Sync="TRUE">NAM</attrlabl><attalias Sync="TRUE">NAM</attalias><attrtype Sync="TRUE">String</attrtype><attwidth Sync="TRUE">100</attwidth><atprecis Sync="TRUE">0</atprecis><attscale Sync="TRUE">0</attscale></attr><attr><attrlabl Sync="TRUE">FUN</attrlabl><attalias Sync="TRUE">FUN</attalias><attrtype Sync="TRUE">String</attrtype><attwidth Sync="TRUE">254</attwidth><atprecis Sync="TRUE">0</atprecis><attscale Sync="TRUE">0</attscale></attr><attr><attrlabl Sync="TRUE">det_method</attrlabl><attalias Sync="TRUE">det_method</attalias><attrtype Sync="TRUE">String</attrtype><attwidth Sync="TRUE">254</attwidth><atprecis Sync="TRUE">0</atprecis><attscale Sync="TRUE">0</attscale></attr><attr><attrlabl Sync="TRUE">or_src_id</attrlabl><attalias Sync="TRUE">or_src_id</attalias><attrtype Sync="TRUE">String</attrtype><attwidth Sync="TRUE">50</attwidth><atprecis Sync="TRUE">0</atprecis><attscale Sync="TRUE">0</attscale></attr><attr><attrlabl Sync="TRUE">emsn_id</attrlabl><attalias Sync="TRUE">emsn_id</attalias><attrtype Sync="TRUE">String</attrtype><attwidth Sync="TRUE">50</attwidth><atprecis Sync="TRUE">0</atprecis><attscale Sync="TRUE">0</attscale></attr><attr><attrlabl Sync="TRUE">fwc_type</attrlabl><attalias Sync="TRUE">fwc_type</attalias><attrtype Sync="TRUE">String</attrtype><attwidth Sync="TRUE">10</attwidth><atprecis Sync="TRUE">0</atprecis><attscale Sync="TRUE">0</attscale></attr><attr><attrlabl Sync="TRUE">aoi_id</attrlabl><attalias Sync="TRUE">aoi_id</attalias><attrtype Sync="TRUE">String</attrtype><attwidth Sync="TRUE">50</attwidth><atprecis Sync="TRUE">0</atprecis><attscale Sync="TRUE">0</attscale></attr><attr><attrlabl Sync="TRUE">name</attrlabl><attalias Sync="TRUE">name</attalias><attrtype Sync="TRUE">String</attrtype><attwidth Sync="TRUE">50</attwidth><atprecis Sync="TRUE">0</atprecis><attscale Sync="TRUE">0</attscale></attr><attr><attrlabl Sync="TRUE">country</attrlabl><attalias Sync="TRUE">country</attalias><attrtype Sync="TRUE">String</attrtype><attwidth Sync="TRUE">100</attwidth><atprecis Sync="TRUE">0</atprecis><attscale Sync="TRUE">0</attscale></attr><attr><attrlabl Sync="TRUE">imp_assess</attrlabl><attalias Sync="TRUE">imp_assess</attalias><attrtype Sync="TRUE">String</attrtype><attwidth Sync="TRUE">254</attwidth><atprecis Sync="TRUE">0</atprecis><attscale Sync="TRUE">0</attscale></attr><attr><attrlabl Sync="TRUE">dmg_src_id</attrlabl><attalias Sync="TRUE">dmg_src_id</attalias><attrtype Sync="TRUE">String</attrtype><attwidth Sync="TRUE">50</attwidth><atprecis Sync="TRUE">0</atprecis><attscale Sync="TRUE">0</attscale></attr><attr><attrlabl Sync="TRUE">RST</attrlabl><attalias Sync="TRUE">RST</attalias><attrtype Sync="TRUE">String</attrtype><attwidth Sync="TRUE">254</attwidth><atprecis Sync="TRUE">0</atprecis><attscale Sync="TRUE">0</attscale></attr><attr><attrlabl Sync="TRUE">LOC</attrlabl><attalias Sync="TRUE">LOC</attalias><attrtype Sync="TRUE">String</attrtype><attwidth Sync="TRUE">254</attwidth><atprecis Sync="TRUE">0</atprecis><attscale Sync="TRUE">0</attscale></attr><attr><attrlabl Sync="TRUE">waterdepth</attrlabl><attalias Sync="TRUE">waterdepth</attalias><attrtype Sync="TRUE">String</attrtype><attwidth Sync="TRUE">254</attwidth><atprecis Sync="TRUE">0</atprecis><attscale Sync="TRUE">0</attscale></attr></detailed></eainfo><mdDateSt Sync="TRUE">20240710</mdDateSt></metadata>
